Pclass,Age,SibSp,Parch,Fare,Sex_male,Embarked_Q,Embarked_S,Deck_B,Deck_C,Deck_D,Deck_E,Deck_F,Deck_G,Deck_T,Deck_U,Survived
1.0,0.2932862190812721,0.125,0.0,0.014151057562208049,1.0,0.0,1.0,0.0,0.0,0.0,0.0,0.0,0.0,0.0,1.0,0.0
0.0,0.5107366132101114,0.125,0.0,0.13913573538264068,0.0,0.0,0.0,0.0,1.0,0.0,0.0,0.0,0.0,0.0,0.0,1.0
1.0,0.34764881761348193,0.0,0.0,0.015468569817999833,0.0,0.0,1.0,0.0,0.0,0.0,0.0,0.0,0.0,0.0,1.0,1.0
0.0,0.46996466431095407,0.125,0.0,0.10364429745562033,0.0,0.0,1.0,0.0,1.0,0.0,0.0,0.0,0.0,0.0,0.0,1.0
1.0,0.46996466431095407,0.0,0.0,0.015712553569072387,1.0,0.0,1.0,0.0,0.0,0.0,0.0,0.0,0.0,0.0,1.0,0.0
1.0,0.396963433337387,0.0,0.0,0.01650950209357577,1.0,1.0,0.0,0.0,0.0,0.0,0.0,0.0,0.0,0.0,1.0,0.0
0.0,0.7281870073389508,0.0,0.0,0.10122885832000206,1.0,0.0,1.0,0.0,0.0,0.0,1.0,0.0,0.0,0.0,0.0,0.0
1.0,0.02147322642022289,0.375,0.16666666666666666,0.04113566043083236,1.0,0.0,1.0,0.0,0.0,0.0,0.0,0.0,0.0,0.0,1.0,0.0
1.0,0.3612394672465344,0.0,0.3333333333333333,0.021730754366528396,0.0,0.0,1.0,0.0,0.0,0.0,0.0,0.0,0.0,0.0,1.0,1.0
0.5,0.18456102201685243,0.125,0.0,0.058694292654020104,0.0,0.0,0.0,0.0,0.0,0.0,0.0,0.0,0.0,0.0,1.0,1.0
1.0,0.04865452568632781,0.125,0.16666666666666666,0.03259622914329302,0.0,0.0,1.0,0.0,0.0,0.0,0.0,0.0,1.0,0.0,0.0,1.0
0.0,0.7825496058711607,0.0,0.0,0.051822148727810165,0.0,0.0,1.0,0.0,1.0,0.0,0.0,0.0,0.0,0.0,0.0,1.0
1.0,0.26610491981516715,0.0,0.0,0.015712553569072387,1.0,0.0,1.0,0.0,0.0,0.0,0.0,0.0,0.0,0.0,1.0,0.0
1.0,0.5243272628431639,0.125,0.8333333333333333,0.06104473451835265,1.0,0.0,1.0,0.0,0.0,0.0,0.0,0.0,0.0,0.0,1.0,0.0
1.0,0.18456102201685243,0.0,0.0,0.015330377421392339,0.0,0.0,1.0,0.0,0.0,0.0,0.0,0.0,0.0,0.0,1.0,0.0
0.5,0.7417776569720033,0.0,0.0,0.03122992013728673,0.0,0.0,1.0,0.0,0.0,0.0,0.0,0.0,0.0,0.0,1.0,1.0
1.0,0.02147322642022289,0.5,0.16666666666666666,0.05684821399990475,1.0,1.0,0.0,0.0,0.0,0.0,0.0,0.0,0.0,0.0,1.0,0.0
0.5,0.396963433337387,0.0,0.0,0.025374310111545468,1.0,0.0,1.0,0.0,0.0,0.0,0.0,0.0,0.0,0.0,1.0,1.0
1.0,0.41560206577874426,0.125,0.0,0.03513366015444757,0.0,0.0,1.0,0.0,0.0,0.0,0.0,0.0,0.0,0.0,1.0,0.0
1.0,0.396963433337387,0.0,0.0,0.014102260811993537,0.0,0.0,0.0,0.0,0.0,0.0,0.0,0.0,0.0,0.0,1.0,1.0
0.5,0.46996466431095407,0.0,0.0,0.050748620223090936,1.0,0.0,1.0,0.0,0.0,0.0,0.0,0.0,0.0,0.0,1.0,0.0
0.5,0.4563740146779016,0.0,0.0,0.025374310111545468,1.0,0.0,1.0,0.0,0.0,1.0,0.0,0.0,0.0,0.0,0.0,1.0
1.0,0.19815167164990488,0.0,0.0,0.015671954672893913,0.0,1.0,0.0,0.0,0.0,0.0,0.0,0.0,0.0,0.0,1.0,1.0
0.0,0.3748301168795869,0.0,0.0,0.06929138530460494,1.0,0.0,1.0,0.0,0.0,0.0,0.0,0.0,0.0,0.0,0.0,1.0
1.0,0.10301712421853765,0.375,0.16666666666666666,0.04113566043083236,0.0,0.0,1.0,0.0,0.0,0.0,0.0,0.0,0.0,0.0,1.0,0.0
1.0,0.5107366132101114,0.125,0.8333333333333333,0.06126431989431795,0.0,0.0,1.0,0.0,0.0,0.0,0.0,0.0,0.0,0.0,1.0,1.0
1.0,0.396963433337387,0.0,0.0,0.014102260811993537,1.0,0.0,0.0,0.0,0.0,0.0,0.0,0.0,0.0,0.0,1.0,0.0
0.0,0.2525142701821147,0.375,0.3333333333333333,0.5133418122566507,1.0,0.0,1.0,0.0,1.0,0.0,0.0,0.0,0.0,0.0,0.0,0.0
1.0,0.396963433337387,0.0,0.0,0.01537917417160685,0.0,1.0,0.0,0.0,0.0,0.0,0.0,0.0,0.0,0.0,1.0,1.0
1.0,0.396963433337387,0.0,0.0,0.015411575213749286,1.0,0.0,1.0,0.0,0.0,0.0,0.0,0.0,0.0,0.0,1.0,0.0
0.0,0.5379179124762163,0.0,0.0,0.05410739813385612,1.0,0.0,0.0,0.0,0.0,0.0,0.0,0.0,0.0,0.0,1.0,0.0
0.0,0.396963433337387,0.125,0.0,0.2859895551532101,0.0,0.0,0.0,1.0,0.0,0.0,0.0,0.0,0.0,0.0,0.0,1.0
1.0,0.396963433337387,0.0,0.0,0.015126992566498259,0.0,1.0,0.0,0.0,0.0,0.0,0.0,0.0,0.0,0.0,1.0,1.0
0.5,0.8912748029355804,0.0,0.0,0.020494635090094415,1.0,0.0,1.0,0.0,0.0,0.0,0.0,0.0,0.0,0.0,1.0,0.0
0.0,0.3748301168795869,0.125,0.0,0.16038672010106003,1.0,0.0,0.0,0.0,0.0,0.0,0.0,0.0,0.0,0.0,1.0,0.0
0.0,0.5650992117423214,0.125,0.0,0.10149724044618187,1.0,0.0,1.0,0.0,0.0,0.0,0.0,0.0,0.0,0.0,1.0,0.0
1.0,0.396963433337387,0.0,0.0,0.014110458666029575,1.0,0.0,0.0,0.0,0.0,0.0,0.0,0.0,0.0,0.0,1.0,1.0
1.0,0.27969556944821966,0.0,0.0,0.015712553569072387,1.0,0.0,1.0,0.0,0.0,0.0,0.0,0.0,0.0,0.0,1.0,0.0
1.0,0.23892362054906224,0.25,0.0,0.03513366015444757,0.0,0.0,1.0,0.0,0.0,0.0,0.0,0.0,0.0,0.0,1.0,0.0
1.0,0.18456102201685243,0.125,0.0,0.021942337075458514,0.0,0.0,0.0,0.0,0.0,0.0,0.0,0.0,0.0,0.0,1.0,1.0
1.0,0.5379179124762163,0.125,0.0,0.018493968331299484,0.0,0.0,1.0,0.0,0.0,0.0,0.0,0.0,0.0,0.0,1.0,0.0
0.5,0.3612394672465344,0.125,0.0,0.04098927018018883,0.0,0.0,1.0,0.0,0.0,0.0,0.0,0.0,0.0,0.0,1.0,0.0
1.0,0.396963433337387,0.0,0.0,0.015411575213749286,1.0,0.0,0.0,0.0,0.0,0.0,0.0,0.0,0.0,0.0,1.0,0.0
0.5,0.03506387605327535,0.125,0.3333333333333333,0.08115719346076702,0.0,0.0,0.0,0.0,0.0,0.0,0.0,0.0,0.0,0.0,1.0,1.0
1.0,0.2525142701821147,0.0,0.0,0.01537917417160685,0.0,1.0,0.0,0.0,0.0,0.0,0.0,0.0,0.0,0.0,1.0,1.0
1.0,0.396963433337387,0.0,0.0,0.015712553569072387,1.0,0.0,1.0,0.0,0.0,0.0,0.0,0.0,0.0,0.0,1.0,0.0
1.0,0.396963433337387,0.125,0.0,0.030253985132996517,1.0,1.0,0.0,0.0,0.0,0.0,0.0,0.0,0.0,0.0,1.0,0.0
1.0,0.396963433337387,0.0,0.0,0.015126992566498259,0.0,1.0,0.0,0.0,0.0,0.0,0.0,0.0,0.0,0.0,1.0,1.0
1.0,0.396963433337387,0.25,0.0,0.04231498029001666,1.0,0.0,0.0,0.0,0.0,0.0,0.0,0.0,0.0,0.0,1.0,0.0
1.0,0.23892362054906224,0.125,0.0,0.034743286152731485,0.0,0.0,1.0,0.0,0.0,0.0,0.0,0.0,0.0,0.0,1.0,0.0
1.0,0.0894264745854852,0.5,0.16666666666666666,0.07746484096553544,1.0,0.0,1.0,0.0,0.0,0.0,0.0,0.0,0.0,0.0,1.0,0.0
1.0,0.27969556944821966,0.0,0.0,0.01522458606692728,1.0,0.0,1.0,0.0,0.0,0.0,0.0,0.0,0.0,0.0,1.0,0.0
0.0,0.6602337591736885,0.125,0.0,0.1497654242623688,0.0,0.0,0.0,0.0,0.0,1.0,0.0,0.0,0.0,0.0,0.0,1.0
0.5,0.38842076651263935,0.125,0.0,0.050748620223090936,0.0,0.0,1.0,0.0,0.0,0.0,0.0,0.0,0.0,0.0,1.0,1.0
0.0,0.8776841533025279,0.0,0.16666666666666666,0.1209753416358076,1.0,0.0,0.0,1.0,0.0,0.0,0.0,0.0,0.0,0.0,0.0,0.0
0.0,0.396963433337387,0.0,0.0,0.06929138530460494,1.0,0.0,1.0,0.0,1.0,0.0,0.0,0.0,0.0,0.0,0.0,1.0
0.5,0.27969556944821966,0.0,0.0,0.020494635090094415,0.0,0.0,1.0,0.0,0.0,0.0,0.0,0.0,0.0,0.0,1.0,1.0
1.0,0.3816254416961131,0.0,0.0,0.014110458666029575,1.0,0.0,0.0,0.0,0.0,0.0,0.0,0.0,0.0,0.0,1.0,0.0
0.5,0.062245175319380265,0.125,0.3333333333333333,0.05416439273810667,0.0,0.0,1.0,0.0,0.0,0.0,0.0,0.0,0.0,0.0,1.0,1.0
1.0,0.14378907311769504,0.625,0.3333333333333333,0.09154270340242172,1.0,0.0,1.0,0.0,0.0,0.0,0.0,0.0,0.0,0.0,1.0,0.0
1.0,0.2932862190812721,0.0,0.0,0.014110458666029575,1.0,0.0,0.0,0.0,0.0,0.0,0.0,0.0,0.0,0.0,1.0,0.0
0.0,0.5107366132101114,0.0,0.0,0.15614960068643363,0.0,0.0,1.0,1.0,0.0,0.0,0.0,0.0,0.0,0.0,0.0,1.0
0.0,0.6058711606414787,0.125,0.0,0.16293234896625058,1.0,0.0,1.0,0.0,1.0,0.0,0.0,0.0,0.0,0.0,0.0,0.0
1.0,0.04865452568632781,0.375,0.3333333333333333,0.05445717323939373,1.0,0.0,1.0,0.0,0.0,0.0,0.0,0.0,0.0,0.0,1.0,0.0
0.0,0.396963433337387,0.0,0.0,0.05410739813385612,1.0,0.0,0.0,0.0,0.0,0.0,0.0,0.0,0.0,0.0,1.0,0.0
1.0,0.396963433337387,0.125,0.16666666666666666,0.029757819776815374,1.0,0.0,0.0,0.0,0.0,0.0,0.0,0.0,0.0,0.0,1.0,1.0
0.5,0.38842076651263935,0.0,0.0,0.020494635090094415,0.0,0.0,1.0,0.0,0.0,0.0,0.0,1.0,0.0,0.0,0.0,1.0
1.0,0.2525142701821147,0.0,0.0,0.015923941091001644,1.0,0.0,1.0,0.0,0.0,0.0,0.0,0.0,0.0,0.0,1.0,0.0
1.0,0.2253329709160098,0.5,0.3333333333333333,0.015468569817999833,0.0,0.0,1.0,0.0,0.0,0.0,0.0,0.0,0.0,0.0,1.0,1.0
1.0,0.34764881761348193,0.25,0.0,0.016908073949327893,1.0,0.0,1.0,0.0,0.0,0.0,0.0,0.0,0.0,0.0,1.0,0.0
0.5,0.4291927154117967,0.0,0.0,0.020494635090094415,1.0,0.0,1.0,0.0,0.0,0.0,0.0,0.0,0.0,0.0,1.0,0.0
1.0,0.21174232128295734,0.625,0.3333333333333333,0.09154270340242172,0.0,0.0,1.0,0.0,0.0,0.0,0.0,0.0,0.0,0.0,1.0,0.0
0.5,0.27969556944821966,0.0,0.0,0.1434624456306609,1.0,0.0,1.0,0.0,0.0,0.0,0.0,0.0,0.0,0.0,1.0,0.0
1.0,0.34764881761348193,0.125,0.0,0.028212719478023115,1.0,0.0,0.0,0.0,0.0,0.0,0.0,0.0,0.0,0.0,1.0,0.0
1.0,0.4291927154117967,0.0,0.0,0.11027245763075773,1.0,0.0,1.0,0.0,0.0,0.0,0.0,0.0,0.0,0.0,1.0,1.0
1.0,0.3340581679804295,0.0,0.0,0.014931805565640218,1.0,0.0,1.0,0.0,0.0,0.0,0.0,1.0,0.0,0.0,0.0,0.0
1.0,0.396963433337387,0.0,0.0,0.015411575213749286,1.0,0.0,1.0,0.0,0.0,0.0,0.0,0.0,0.0,0.0,1.0,0.0
1.0,0.396963433337387,0.0,0.0,0.015712553569072387,1.0,0.0,1.0,0.0,0.0,0.0,0.0,0.0,0.0,0.0,1.0,0.0
0.5,0.005572166349551508,0.0,0.3333333333333333,0.056604230248832196,1.0,0.0,1.0,0.0,0.0,0.0,0.0,0.0,0.0,0.0,1.0,1.0
1.0,0.4020114161456918,0.0,0.0,0.024349578357040744,0.0,0.0,1.0,0.0,0.0,0.0,0.0,0.0,0.0,0.0,1.0,1.0
1.0,0.2932862190812721,0.0,0.0,0.017566830077223785,1.0,0.0,1.0,0.0,0.0,0.0,0.0,0.0,0.0,0.0,1.0,0.0
1.0,0.38842076651263935,0.0,0.0,0.018542765081513996,1.0,0.0,1.0,0.0,0.0,0.0,0.0,0.0,0.0,0.0,1.0,1.0
1.0,0.396963433337387,0.0,0.0,0.015200187691820024,0.0,1.0,0.0,0.0,0.0,0.0,0.0,0.0,0.0,0.0,1.0,1.0
0.0,0.3748301168795869,0.0,0.0,0.09193307740413781,1.0,0.0,1.0,0.0,0.0,0.0,0.0,0.0,0.0,0.0,1.0,0.0
0.5,0.2253329709160098,0.0,0.0,0.020494635090094415,0.0,0.0,1.0,0.0,0.0,0.0,0.0,0.0,0.0,0.0,1.0,1.0
1.0,0.44278336504484916,0.375,0.0,0.030937139635999665,0.0,0.0,1.0,0.0,0.0,0.0,0.0,0.0,0.0,0.0,1.0,1.0
1.0,0.21174232128295734,0.125,0.5,0.06709553154495196,1.0,0.0,1.0,0.0,0.0,0.0,0.0,0.0,0.0,0.0,1.0,0.0
1.0,0.396963433337387,0.0,0.0,0.015712553569072387,1.0,0.0,1.0,0.0,0.0,0.0,0.0,0.0,0.0,0.0,1.0,0.0
0.0,0.30687686871432457,0.375,0.3333333333333333,0.5133418122566507,0.0,0.0,1.0,0.0,1.0,0.0,0.0,0.0,0.0,0.0,0.0,1.0
1.0,0.320467518347377,0.0,0.0,0.015712553569072387,1.0,0.0,1.0,0.0,0.0,0.0,0.0,0.0,0.0,0.0,1.0,0.0
1.0,0.38842076651263935,0.0,0.0,0.015712553569072387,1.0,0.0,1.0,0.0,0.0,0.0,0.0,0.0,0.0,0.0,1.0,0.0
1.0,0.26610491981516715,0.0,0.0,0.015330377421392339,1.0,0.0,1.0,0.0,0.0,0.0,0.0,0.0,0.0,0.0,1.0,0.0
0.0,0.6194618102745312,0.125,0.0,0.11940564777490723,1.0,0.0,1.0,0.0,0.0,0.0,1.0,0.0,0.0,0.0,0.0,0.0
1.0,0.34764881761348193,0.125,0.3333333333333333,0.04015972542654215,1.0,0.0,1.0,0.0,0.0,0.0,0.0,0.0,0.0,0.0,1.0,0.0
1.0,0.7961402555042132,0.0,0.0,0.014151057562208049,1.0,0.0,1.0,0.0,0.0,0.0,0.0,0.0,0.0,0.0,1.0,0.0
1.0,0.396963433337387,0.0,0.0,0.015712553569072387,1.0,0.0,1.0,0.0,0.0,0.0,0.0,0.0,0.0,0.0,1.0,0.0
0.0,0.9592280511008426,0.0,0.0,0.06764049365134761,1.0,0.0,0.0,0.0,0.0,0.0,0.0,0.0,0.0,0.0,0.0,0.0
0.0,0.30687686871432457,0.0,0.16666666666666666,0.12366716556464086,1.0,0.0,0.0,0.0,0.0,1.0,0.0,0.0,0.0,0.0,0.0,1.0
0.5,0.4563740146779016,0.0,0.16666666666666666,0.044893010197349675,0.0,0.0,1.0,0.0,0.0,0.0,0.0,0.0,0.0,0.0,1.0,1.0
0.5,0.4563740146779016,0.125,0.0,0.050748620223090936,1.0,0.0,1.0,0.0,0.0,0.0,0.0,0.0,0.0,0.0,1.0,0.0
1.0,0.3748301168795869,0.0,0.0,0.015411575213749286,0.0,0.0,1.0,0.0,0.0,0.0,0.0,0.0,0.0,0.0,1.0,0.0
1.0,0.396963433337387,0.0,0.0,0.015411575213749286,1.0,0.0,1.0,0.0,0.0,0.0,0.0,0.0,0.0,0.0,1.0,0.0
0.0,0.27969556944821966,0.0,0.16666666666666666,0.15085515328815924,1.0,0.0,1.0,0.0,0.0,1.0,0.0,0.0,0.0,0.0,0.0,0.0
1.0,0.44278336504484916,0.0,0.0,0.016891873428256675,1.0,0.0,1.0,0.0,0.0,0.0,0.0,0.0,0.0,0.0,1.0,0.0
1.0,0.497145963577059,0.25,0.0,0.015468569817999833,1.0,0.0,1.0,0.0,0.0,0.0,0.0,0.0,0.0,0.0,1.0,0.0
1.0,0.3748301168795869,0.0,0.0,0.015411575213749286,1.0,0.0,1.0,0.0,0.0,0.0,0.0,0.0,0.0,0.0,1.0,0.0
1.0,0.27969556944821966,0.0,0.0,0.014931805565640218,0.0,0.0,1.0,0.0,0.0,0.0,0.0,0.0,0.0,0.0,1.0,1.0
1.0,0.396963433337387,0.0,0.0,0.015175789316712771,1.0,0.0,1.0,0.0,0.0,0.0,0.0,0.0,0.0,0.0,1.0,1.0
1.0,0.5107366132101114,0.0,0.0,0.015411575213749286,1.0,0.0,1.0,0.0,0.0,0.0,0.0,0.0,0.0,0.0,1.0,0.0
1.0,0.396963433337387,0.125,0.0,0.04713766070721715,0.0,1.0,0.0,0.0,0.0,0.0,0.0,0.0,0.0,0.0,1.0,1.0
0.0,0.6330524599075836,0.0,0.0,0.10149724044618187,1.0,0.0,1.0,0.0,1.0,0.0,0.0,0.0,0.0,0.0,0.0,0.0
1.0,0.19135634683337865,0.125,0.0,0.028212719478023115,0.0,0.0,0.0,0.0,0.0,0.0,0.0,0.0,0.0,0.0,1.0,0.0
1.0,0.2932862190812721,0.0,0.0,0.015712553569072387,1.0,0.0,1.0,0.0,0.0,0.0,0.0,0.0,0.0,0.0,1.0,0.0
1.0,0.26610491981516715,0.125,0.0,0.019177122834302632,0.0,0.0,1.0,0.0,0.0,0.0,0.0,0.0,0.0,0.0,1.0,0.0
1.0,0.2253329709160098,0.0,0.0,0.028220722145058292,0.0,0.0,0.0,0.0,0.0,0.0,0.0,0.0,0.0,0.0,1.0,0.0
1.0,0.27969556944821966,0.0,0.0,0.015468569817999833,1.0,0.0,1.0,0.0,0.0,0.0,0.0,0.0,0.0,0.0,1.0,0.0
1.0,0.9524327262843164,0.0,0.0,0.015126992566498259,1.0,1.0,0.0,0.0,0.0,0.0,0.0,0.0,0.0,0.0,1.0,0.0
0.5,0.38842076651263935,0.125,0.0,0.04098927018018883,1.0,0.0,1.0,0.0,0.0,0.0,0.0,0.0,0.0,0.0,1.0,0.0
0.0,0.320467518347377,0.0,0.16666666666666666,0.4831284260198326,1.0,0.0,0.0,1.0,0.0,0.0,0.0,0.0,0.0,0.0,0.0,0.0
1.0,0.02147322642022289,0.5,0.3333333333333333,0.06104473451835265,0.0,0.0,1.0,0.0,0.0,0.0,0.0,0.0,0.0,0.0,1.0,0.0
0.5,0.27969556944821966,0.25,0.0,0.1434624456306609,1.0,0.0,1.0,0.0,0.0,0.0,0.0,0.0,0.0,0.0,1.0,0.0
1.0,0.396963433337387,0.0,0.0,0.015712553569072387,1.0,0.0,1.0,0.0,0.0,0.0,0.0,0.0,0.0,0.0,1.0,0.0
0.5,0.43598804022832294,0.125,0.0,0.058694292654020104,1.0,0.0,0.0,0.0,0.0,0.0,0.0,0.0,0.0,0.0,1.0,0.0
0.5,0.43598804022832294,0.0,0.0,0.025374310111545468,0.0,0.0,1.0,0.0,0.0,0.0,1.0,0.0,0.0,0.0,0.0,1.0
0.0,0.7281870073389508,0.0,0.16666666666666666,0.15085515328815924,1.0,0.0,1.0,0.0,0.0,1.0,0.0,0.0,0.0,0.0,0.0,0.0
1.0,0.1573797227507475,0.125,0.0,0.021942337075458514,1.0,0.0,0.0,0.0,0.0,0.0,0.0,0.0,0.0,0.0,1.0,1.0
1.0,0.396963433337387,0.0,0.0,0.015126992566498259,1.0,1.0,0.0,0.0,0.0,0.0,0.0,0.0,0.0,0.0,1.0,0.0
1.0,0.320467518347377,0.0,0.0,0.01393967004027879,1.0,0.0,1.0,0.0,0.0,0.0,0.0,0.0,0.0,0.0,1.0,1.0
1.0,0.396963433337387,0.125,0.16666666666666666,0.04364049521284362,0.0,0.0,0.0,0.0,0.0,0.0,0.0,1.0,0.0,0.0,0.0,1.0
1.0,0.6058711606414787,0.0,0.0,0.013614293309848433,1.0,0.0,1.0,0.0,0.0,0.0,0.0,0.0,0.0,0.0,1.0,0.0
1.0,0.44278336504484916,0.0,0.0,0.015411575213749286,1.0,0.0,0.0,0.0,0.0,0.0,0.0,0.0,0.0,0.0,1.0,0.0
1.0,0.26610491981516715,0.0,0.0,0.013760683560491965,1.0,0.0,1.0,0.0,0.0,0.0,0.0,0.0,0.0,0.0,1.0,0.0
1.0,0.6330524599075836,0.125,0.0,0.028302115124416098,0.0,0.0,1.0,0.0,0.0,0.0,0.0,0.0,0.0,0.0,1.0,0.0
0.5,0.38842076651263935,0.125,0.0,0.050748620223090936,0.0,0.0,1.0,0.0,0.0,0.0,0.0,0.0,0.0,0.0,1.0,1.0
0.5,0.3340581679804295,0.0,0.0,0.025374310111545468,1.0,0.0,1.0,0.0,0.0,0.0,0.0,0.0,0.0,0.0,1.0,0.0
0.5,0.30687686871432457,0.0,0.0,0.02936744577509929,1.0,0.0,0.0,0.0,0.0,0.0,0.0,0.0,0.0,0.0,1.0,0.0
0.0,0.2525142701821147,0.0,0.3333333333333333,0.051301584996521765,0.0,0.0,1.0,0.0,0.0,1.0,0.0,0.0,0.0,0.0,0.0,1.0
0.0,0.497145963577059,0.125,0.0,0.10364429745562033,1.0,0.0,1.0,0.0,1.0,0.0,0.0,0.0,0.0,0.0,0.0,0.0
1.0,0.21174232128295734,0.0,0.0,0.01798980030808316,1.0,0.0,1.0,0.0,0.0,0.0,0.0,0.0,0.0,0.0,1.0,0.0
0.0,0.320467518347377,0.0,0.0,0.15458810467956932,1.0,0.0,0.0,1.0,0.0,0.0,0.0,0.0,0.0,0.0,0.0,0.0
1.0,0.396963433337387,0.0,0.3333333333333333,0.029757819776815374,0.0,0.0,0.0,0.0,0.0,0.0,0.0,0.0,0.0,0.0,1.0,0.0
1.0,0.2932862190812721,0.0,0.0,0.015126992566498259,0.0,0.0,1.0,0.0,0.0,0.0,0.0,0.0,0.0,0.0,1.0,1.0
1.0,0.320467518347377,0.125,0.0,0.030937139635999665,0.0,0.0,1.0,0.0,0.0,0.0,0.0,0.0,0.0,0.0,1.0,1.0
1.0,0.2525142701821147,0.0,0.0,0.013175122557917838,1.0,1.0,0.0,0.0,0.0,0.0,0.0,0.0,0.0,0.0,1.0,0.0
0.5,0.23892362054906224,0.0,0.0,0.022446505098674838,1.0,0.0,1.0,0.0,0.0,0.0,0.0,0.0,0.0,0.0,1.0,0.0
0.5,0.2525142701821147,0.125,0.16666666666666666,0.07173122281533045,1.0,0.0,1.0,0.0,0.0,0.0,0.0,0.0,0.0,0.0,1.0,0.0
1.0,0.3612394672465344,0.0,0.0,0.015216388212891242,1.0,0.0,1.0,0.0,0.0,0.0,0.0,0.0,0.0,0.0,1.0,1.0
1.0,0.1166077738515901,0.25,0.3333333333333333,0.06709553154495196,0.0,0.0,1.0,0.0,0.0,0.0,0.0,0.0,0.0,0.0,1.0,0.0
0.5,0.4903506387605328,0.0,0.3333333333333333,0.050748620223090936,1.0,0.0,1.0,0.0,0.0,0.0,0.0,1.0,0.0,0.0,0.0,0.0
0.5,0.5650992117423214,0.0,0.0,0.025374310111545468,1.0,0.0,1.0,0.0,0.0,0.0,0.0,0.0,0.0,0.0,1.0,0.0
0.5,0.6874150584397934,0.0,0.0,0.02444717185746977,1.0,0.0,1.0,0.0,0.0,0.0,0.0,0.0,0.0,0.0,1.0,0.0
0.0,0.2932862190812721,0.125,0.0,0.12999454257145598,0.0,0.0,1.0,0.0,1.0,0.0,0.0,0.0,0.0,0.0,0.0,1.0
1.0,0.7485729817885295,0.0,0.0,0.015712553569072387,1.0,0.0,1.0,0.0,0.0,0.0,0.0,0.0,0.0,0.0,1.0,0.0
1.0,0.5447132372927427,0.0,0.3333333333333333,0.028302115124416098,1.0,0.0,1.0,0.0,0.0,0.0,0.0,0.0,0.0,0.0,1.0,0.0
1.0,0.396963433337387,0.0,0.0,0.014273049437744325,1.0,0.0,1.0,0.0,0.0,0.0,0.0,0.0,0.0,0.0,1.0,0.0
0.0,0.6874150584397934,0.0,0.16666666666666666,0.11980421963065935,1.0,0.0,0.0,0.0,0.0,0.0,0.0,0.0,0.0,0.0,1.0,0.0
1.0,0.21174232128295734,0.0,0.0,0.015094396337354966,0.0,1.0,0.0,0.0,0.0,0.0,0.0,0.0,0.0,0.0,1.0,1.0
1.0,0.4020114161456918,0.0,0.0,0.015712553569072387,1.0,0.0,1.0,0.0,0.0,0.0,0.0,0.0,0.0,0.0,1.0,0.0
1.0,0.396963433337387,0.0,0.0,0.016908073949327893,1.0,0.0,1.0,0.0,0.0,0.0,0.0,0.0,0.0,0.0,1.0,0.0
1.0,0.396963433337387,1.0,0.3333333333333333,0.13575255909676825,1.0,0.0,1.0,0.0,0.0,0.0,0.0,0.0,0.0,0.0,1.0,0.0
1.0,0.5922805110084263,0.0,0.16666666666666666,0.031425107138144774,1.0,0.0,1.0,0.0,0.0,0.0,0.0,0.0,0.0,0.0,1.0,0.0
0.5,0.5379179124762163,0.0,0.0,0.030741952635141623,0.0,0.0,1.0,0.0,0.0,0.0,0.0,0.0,0.0,0.0,1.0,1.0
1.0,0.34764881761348193,0.0,0.0,0.015175789316712771,1.0,0.0,1.0,0.0,0.0,0.0,0.0,0.0,0.0,0.0,1.0,0.0
1.0,0.2253329709160098,0.0,0.0,0.016908073949327893,1.0,0.0,1.0,0.0,0.0,0.0,0.0,0.0,0.0,0.0,1.0,0.0
1.0,0.007882576787170428,0.5,0.16666666666666666,0.07746484096553544,1.0,0.0,1.0,0.0,0.0,0.0,0.0,0.0,0.0,0.0,1.0,0.0
1.0,0.1166077738515901,0.0,0.3333333333333333,0.04006213192611313,1.0,0.0,1.0,0.0,0.0,0.0,0.0,0.0,0.0,0.0,1.0,1.0
0.0,0.396963433337387,0.0,0.16666666666666666,0.10735285047192313,0.0,0.0,1.0,0.0,0.0,0.0,1.0,0.0,0.0,0.0,0.0,1.0
1.0,0.6058711606414787,0.125,0.6666666666666666,0.05445717323939373,0.0,0.0,1.0,0.0,0.0,0.0,0.0,0.0,0.0,0.0,1.0,0.0
0.0,0.396963433337387,0.0,0.0,0.050602229972447406,1.0,0.0,1.0,0.0,0.0,0.0,0.0,0.0,0.0,0.0,1.0,0.0
1.0,0.3748301168795869,0.0,0.0,0.11027245763075773,1.0,0.0,1.0,0.0,0.0,0.0,0.0,0.0,0.0,0.0,1.0,0.0
0.0,0.8233215547703181,0.0,0.0,0.06538764528744409,1.0,0.0,1.0,1.0,0.0,0.0,0.0,0.0,0.0,0.0,0.0,0.0
1.0,0.04865452568632781,0.5,0.16666666666666666,0.05684821399990475,1.0,1.0,0.0,0.0,0.0,0.0,0.0,0.0,0.0,0.0,1.0,0.0
1.0,0.007882576787170428,0.125,0.16666666666666666,0.021730754366528396,0.0,0.0,1.0,0.0,0.0,0.0,0.0,0.0,0.0,0.0,1.0,1.0
1.0,0.27969556944821966,0.0,0.0,0.015468569817999833,1.0,0.0,1.0,0.0,0.0,0.0,0.0,0.0,0.0,0.0,1.0,0.0
0.0,0.7553683066050558,0.0,0.0,0.05991421140938287,1.0,0.0,0.0,0.0,0.0,0.0,0.0,0.0,0.0,0.0,0.0,0.0
1.0,0.23892362054906224,0.125,0.16666666666666666,0.015330377421392339,1.0,0.0,1.0,0.0,0.0,0.0,0.0,0.0,0.0,0.0,1.0,0.0
1.0,0.396963433337387,0.375,0.16666666666666666,0.049707687947515,1.0,0.0,1.0,0.0,0.0,0.0,0.0,0.0,0.0,0.0,1.0,0.0
0.0,0.673824408806741,0.0,0.0,0.05604306762136532,0.0,0.0,0.0,0.0,1.0,0.0,0.0,0.0,0.0,0.0,0.0,0.0
0.5,0.4020114161456918,0.0,0.0,0.025374310111545468,1.0,0.0,1.0,0.0,0.0,0.0,0.0,0.0,0.0,0.0,1.0,0.0
1.0,0.4835553139440065,0.0,0.0,0.0,1.0,0.0,1.0,0.0,0.0,0.0,0.0,0.0,0.0,0.0,1.0,0.0
1.0,0.396963433337387,1.0,0.3333333333333333,0.13575255909676825,0.0,0.0,1.0,0.0,0.0,0.0,0.0,0.0,0.0,0.0,1.0,0.0
0.5,0.396963433337387,0.0,0.0,0.02937564362913533,1.0,0.0,0.0,0.0,0.0,0.0,0.0,0.0,0.0,0.0,1.0,0.0
1.0,0.1166077738515901,0.5,0.3333333333333333,0.06126431989431795,1.0,0.0,1.0,0.0,0.0,0.0,0.0,0.0,0.0,0.0,1.0,0.0
0.5,0.007882576787170428,0.25,0.16666666666666666,0.07612293033463641,1.0,0.0,1.0,0.0,0.0,0.0,0.0,1.0,0.0,0.0,0.0,1.0
1.0,0.04865452568632781,0.0,0.3333333333333333,0.04298993693898376,0.0,0.0,1.0,0.0,0.0,0.0,0.0,0.0,0.0,0.0,1.0,1.0
0.0,0.396963433337387,0.0,0.0,0.09759350042902103,1.0,0.0,1.0,0.0,0.0,0.0,0.0,0.0,0.0,0.0,0.0,0.0
1.0,0.396963433337387,0.125,0.0,0.030253985132996517,0.0,1.0,0.0,0.0,0.0,0.0,0.0,0.0,0.0,0.0,1.0,1.0
0.0,0.6058711606414787,0.0,0.0,0.051822148727810165,1.0,0.0,1.0,0.0,0.0,0.0,0.0,0.0,0.0,0.0,1.0,1.0
1.0,0.5379179124762163,0.125,0.16666666666666666,0.030253985132996517,1.0,1.0,0.0,0.0,0.0,0.0,0.0,0.0,0.0,0.0,1.0,0.0
1.0,0.4835553139440065,0.0,0.0,0.015411575213749286,1.0,0.0,1.0,0.0,0.0,0.0,0.0,0.0,0.0,0.0,1.0,0.0
0.5,0.4291927154117967,0.0,0.0,0.025374310111545468,0.0,0.0,1.0,0.0,0.0,0.0,0.0,0.0,0.0,0.0,1.0,1.0
0.5,0.2525142701821147,0.0,0.0,0.025374310111545468,1.0,0.0,1.0,0.0,0.0,0.0,0.0,0.0,0.0,0.0,1.0,0.0
1.0,0.2525142701821147,0.125,0.0,0.015330377421392339,0.0,0.0,1.0,0.0,0.0,0.0,0.0,0.0,0.0,0.0,1.0,1.0
0.5,0.03506387605327535,0.125,0.16666666666666666,0.050748620223090936,1.0,0.0,1.0,0.0,0.0,0.0,0.0,1.0,0.0,0.0,0.0,1.0
0.0,0.5922805110084263,0.0,0.0,0.05410739813385612,0.0,0.0,0.0,1.0,0.0,0.0,0.0,0.0,0.0,0.0,0.0,1.0
0.0,0.7825496058711607,0.0,0.0,0.2859895551532101,0.0,0.0,0.0,1.0,0.0,0.0,0.0,0.0,0.0,0.0,0.0,1.0
1.0,0.396963433337387,0.0,0.0,0.015126992566498259,1.0,1.0,0.0,0.0,0.0,0.0,0.0,0.0,0.0,0.0,1.0,0.0
1.0,0.5650992117423214,0.0,0.16666666666666666,0.01640390592611157,1.0,0.0,1.0,0.0,0.0,0.0,0.0,0.0,0.0,0.0,1.0,0.0
1.0,0.396963433337387,0.0,0.0,0.015126992566498259,0.0,1.0,0.0,0.0,0.0,0.0,0.0,0.0,0.0,0.0,1.0,1.0
0.5,0.320467518347377,0.0,0.0,0.025374310111545468,0.0,0.0,1.0,0.0,0.0,0.0,0.0,0.0,0.0,0.0,1.0,0.0
1.0,0.3748301168795869,0.0,0.0,0.018542765081513996,1.0,0.0,1.0,0.0,0.0,0.0,0.0,0.0,0.0,0.0,1.0,0.0
1.0,0.396963433337387,1.0,0.3333333333333333,0.13575255909676825,1.0,0.0,1.0,0.0,0.0,0.0,0.0,0.0,0.0,0.0,1.0,0.0
1.0,0.4563740146779016,0.0,0.0,0.012678957201736696,1.0,0.0,1.0,0.0,0.0,0.0,0.0,0.0,0.0,0.0,1.0,0.0
1.0,0.612666485458005,0.0,0.0,0.014102260811993537,1.0,0.0,0.0,0.0,0.0,0.0,0.0,0.0,0.0,0.0,1.0,0.0
1.0,0.23892362054906224,0.0,0.0,0.015712553569072387,1.0,0.0,1.0,0.0,0.0,0.0,0.0,0.0,0.0,0.0,1.0,1.0
1.0,0.02147322642022289,0.0,0.16666666666666666,0.02042143996477265,0.0,0.0,1.0,0.0,0.0,0.0,0.0,0.0,1.0,0.0,0.0,0.0
1.0,0.4291927154117967,0.125,0.0,0.030937139635999665,1.0,0.0,1.0,0.0,0.0,0.0,0.0,0.0,0.0,0.0,1.0,0.0
1.0,0.34764881761348193,0.0,0.0,0.036670757786204655,1.0,0.0,0.0,0.0,0.0,0.0,0.0,0.0,0.0,0.0,1.0,1.0
1.0,0.21174232128295734,0.0,0.0,0.015126992566498259,0.0,1.0,0.0,0.0,0.0,0.0,0.0,0.0,0.0,0.0,1.0,1.0
0.0,0.5379179124762163,0.0,0.0,0.060507970265993034,1.0,0.0,0.0,0.0,0.0,0.0,0.0,0.0,0.0,0.0,0.0,1.0
1.0,0.320467518347377,0.0,0.0,0.013760683560491965,1.0,0.0,1.0,0.0,0.0,0.0,0.0,0.0,0.0,0.0,1.0,0.0
0.5,0.46996466431095407,0.0,0.0,0.04098927018018883,0.0,0.0,1.0,0.0,0.0,0.0,0.0,0.0,0.0,0.0,1.0,1.0
1.0,0.2932862190812721,0.0,0.0,0.014151057562208049,1.0,0.0,1.0,0.0,0.0,0.0,0.0,0.0,0.0,0.0,1.0,0.0
0.5,0.4020114161456918,0.0,0.0,0.025374310111545468,1.0,0.0,1.0,0.0,0.0,0.0,0.0,0.0,0.0,0.0,1.0,0.0
1.0,0.396963433337387,0.125,0.0,0.015126992566498259,1.0,1.0,0.0,0.0,0.0,0.0,0.0,0.0,0.0,0.0,1.0,0.0
0.0,0.41560206577874426,0.125,0.0,0.22109807522194713,0.0,0.0,0.0,0.0,0.0,1.0,0.0,0.0,0.0,0.0,0.0,1.0
1.0,0.3612394672465344,0.0,0.0,0.015468569817999833,0.0,0.0,1.0,0.0,0.0,0.0,0.0,0.0,0.0,0.0,1.0,1.0
0.5,0.5650992117423214,0.125,0.0,0.05270049023167135,1.0,0.0,1.0,0.0,0.0,0.0,0.0,0.0,0.0,0.0,1.0,0.0
0.0,0.4291927154117967,0.0,0.0,0.14891148113361488,0.0,0.0,0.0,0.0,0.0,1.0,0.0,0.0,0.0,0.0,0.0,1.0
0.5,0.4020114161456918,0.0,0.0,0.020494635090094415,1.0,0.0,1.0,0.0,0.0,0.0,0.0,0.0,0.0,0.0,1.0,0.0
1.0,0.21174232128295734,0.0,0.0,0.015712553569072387,1.0,0.0,1.0,0.0,0.0,0.0,0.0,0.0,0.0,0.0,1.0,1.0
0.5,0.3612394672465344,0.0,0.0,0.025374310111545468,1.0,0.0,1.0,0.0,0.0,0.0,0.0,0.0,0.0,0.0,1.0,0.0
1.0,0.6874150584397934,0.0,0.0,0.015712553569072387,1.0,0.0,1.0,0.0,0.0,0.0,0.0,0.0,0.0,0.0,1.0,0.0
1.0,0.396963433337387,0.0,0.0,0.015411575213749286,1.0,0.0,1.0,0.0,0.0,0.0,0.0,0.0,0.0,0.0,1.0,0.0
0.0,0.5107366132101114,0.125,0.0,0.17566830077223786,1.0,0.0,1.0,0.0,1.0,0.0,0.0,0.0,0.0,0.0,0.0,1.0
1.0,0.2932862190812721,0.0,0.0,0.018249984580226933,1.0,0.0,1.0,0.0,0.0,0.0,0.0,0.0,0.0,0.0,1.0,0.0
0.5,0.2525142701821147,0.0,0.0,0.020494635090094415,1.0,0.0,1.0,0.0,0.0,0.0,0.0,0.0,0.0,0.0,1.0,1.0
1.0,0.27290024463169343,0.0,0.0,0.014151057562208049,1.0,0.0,1.0,0.0,0.0,0.0,0.0,0.0,0.0,0.0,1.0,0.0
0.5,0.23892362054906224,0.0,0.0,0.025374310111545468,1.0,0.0,1.0,0.0,0.0,0.0,0.0,0.0,0.0,0.0,1.0,0.0
1.0,0.396963433337387,0.375,0.16666666666666666,0.049707687947515,0.0,0.0,1.0,0.0,0.0,0.0,0.0,0.0,0.0,0.0,1.0,0.0
0.0,0.46996466431095407,0.125,0.0,0.16293234896625058,0.0,0.0,1.0,0.0,1.0,0.0,0.0,0.0,0.0,0.0,0.0,1.0
1.0,0.38842076651263935,0.0,0.0,0.015175789316712771,1.0,0.0,1.0,0.0,0.0,0.0,0.0,0.0,0.0,0.0,1.0,0.0
0.5,0.7961402555042132,0.0,0.0,0.026350245115835676,1.0,0.0,1.0,0.0,0.0,0.0,0.0,0.0,0.0,0.0,1.0,0.0
1.0,0.062245175319380265,0.5,0.3333333333333333,0.06126431989431795,0.0,0.0,1.0,0.0,0.0,0.0,0.0,0.0,0.0,0.0,1.0,1.0
0.5,0.320467518347377,0.0,0.0,0.020494635090094415,1.0,0.0,1.0,0.0,0.0,0.0,0.0,0.0,0.0,0.0,1.0,0.0
1.0,0.396963433337387,0.0,0.0,0.014736618564782174,0.0,0.0,1.0,0.0,0.0,0.0,0.0,0.0,0.0,0.0,1.0,0.0
0.5,0.5922805110084263,0.125,0.0,0.050748620223090936,1.0,0.0,1.0,0.0,0.0,0.0,0.0,0.0,0.0,0.0,1.0,0.0
0.5,0.10301712421853765,0.0,0.3333333333333333,0.05123658772523604,0.0,0.0,1.0,0.0,0.0,0.0,0.0,0.0,0.0,0.0,1.0,1.0
0.5,0.2525142701821147,0.0,0.0,0.020494635090094415,1.0,0.0,1.0,0.0,0.0,0.0,0.0,0.0,0.0,0.0,1.0,0.0
0.5,0.44278336504484916,0.0,0.0,0.023959204355324663,1.0,0.0,1.0,0.0,0.0,0.0,0.0,0.0,0.0,0.0,1.0,0.0
1.0,0.396963433337387,0.125,0.0,0.028212719478023115,0.0,0.0,0.0,0.0,0.0,0.0,0.0,0.0,0.0,0.0,1.0,0.0
1.0,0.396963433337387,0.125,0.0,0.030253985132996517,0.0,1.0,0.0,0.0,0.0,0.0,0.0,0.0,0.0,0.0,1.0,1.0
0.5,0.38842076651263935,0.0,0.0,0.020494635090094415,1.0,0.0,1.0,0.0,0.0,0.0,0.0,0.0,0.0,0.0,1.0,0.0
1.0,0.2932862190812721,0.0,0.0,0.013907073811135496,1.0,0.0,1.0,0.0,0.0,0.0,0.0,0.0,0.0,0.0,1.0,0.0
1.0,0.4020114161456918,0.0,0.0,0.014102260811993537,1.0,0.0,0.0,0.0,0.0,0.0,0.0,0.0,0.0,0.0,1.0,0.0
0.0,0.5922805110084263,0.25,0.0,0.17566830077223786,1.0,1.0,0.0,0.0,1.0,0.0,0.0,0.0,0.0,0.0,0.0,0.0
1.0,0.3340581679804295,0.0,0.0,0.015175789316712771,0.0,0.0,1.0,0.0,0.0,0.0,0.0,0.0,0.0,0.0,1.0,0.0
0.5,0.320467518347377,0.0,0.3333333333333333,0.028302115124416098,0.0,0.0,1.0,0.0,0.0,0.0,0.0,0.0,0.0,0.0,1.0,1.0
0.0,0.497145963577059,0.125,0.16666666666666666,0.10257896680493714,1.0,0.0,1.0,0.0,0.0,1.0,0.0,0.0,0.0,0.0,0.0,1.0
0.5,0.7281870073389508,0.125,0.0,0.050748620223090936,1.0,0.0,1.0,0.0,0.0,0.0,0.0,0.0,0.0,0.0,1.0,0.0
1.0,0.396963433337387,0.0,0.0,0.014151057562208049,1.0,0.0,1.0,0.0,0.0,0.0,0.0,0.0,0.0,0.0,1.0,0.0
1.0,0.38842076651263935,0.125,0.16666666666666666,0.02042143996477265,0.0,0.0,1.0,0.0,0.0,0.0,0.0,0.0,1.0,0.0,0.0,0.0
0.0,0.8369122044033706,0.0,0.0,0.051822148727810165,1.0,0.0,1.0,0.0,1.0,0.0,0.0,0.0,0.0,0.0,0.0,0.0
1.0,0.4020114161456918,0.125,0.0,0.031425107138144774,1.0,0.0,1.0,0.0,0.0,0.0,0.0,0.0,0.0,0.0,1.0,0.0
1.0,0.5515085621092689,0.0,0.3333333333333333,0.039452172548431745,0.0,0.0,1.0,0.0,0.0,0.0,0.0,0.0,0.0,0.0,1.0,0.0
1.0,0.38842076651263935,0.0,0.3333333333333333,0.029757819776815374,0.0,0.0,0.0,0.0,0.0,0.0,0.0,0.0,0.0,0.0,1.0,1.0
0.0,0.396963433337387,0.0,0.0,0.15458810467956932,0.0,0.0,0.0,0.0,0.0,0.0,0.0,0.0,0.0,0.0,1.0,1.0
0.0,0.4020114161456918,0.0,0.0,0.16883675574220638,0.0,0.0,1.0,1.0,0.0,0.0,0.0,0.0,0.0,0.0,0.0,1.0
0.0,0.46996466431095407,0.0,0.0,1.0,0.0,0.0,0.0,0.0,0.0,0.0,0.0,0.0,0.0,0.0,1.0,1.0
0.5,0.673824408806741,0.0,0.16666666666666666,0.050748620223090936,0.0,0.0,1.0,0.0,0.0,0.0,0.0,0.0,0.0,0.0,1.0,1.0
1.0,0.396963433337387,0.0,0.0,0.015126992566498259,1.0,1.0,0.0,0.0,0.0,0.0,0.0,0.0,0.0,0.0,1.0,0.0
1.0,0.03506387605327535,0.5,0.3333333333333333,0.06126431989431795,1.0,0.0,1.0,0.0,0.0,0.0,0.0,0.0,0.0,0.0,1.0,1.0
0.0,0.7010057080728459,0.125,0.16666666666666666,0.1554664461834305,1.0,0.0,1.0,0.0,0.0,0.0,1.0,0.0,0.0,0.0,0.0,0.0
0.0,0.5379179124762163,0.0,0.0,0.0,1.0,0.0,1.0,1.0,0.0,0.0,0.0,0.0,0.0,0.0,0.0,0.0
1.0,0.396963433337387,0.0,0.0,0.015126992566498259,0.0,1.0,0.0,0.0,0.0,0.0,0.0,0.0,0.0,0.0,1.0,0.0
0.5,0.4835553139440065,0.0,0.0,0.020494635090094415,1.0,0.0,1.0,0.0,0.0,0.0,0.0,0.0,0.0,0.0,1.0,0.0
1.0,0.21174232128295734,0.5,0.16666666666666666,0.07746484096553544,1.0,0.0,1.0,0.0,0.0,0.0,0.0,0.0,0.0,0.0,1.0,0.0
1.0,0.3340581679804295,0.125,0.0,0.015175789316712771,1.0,0.0,1.0,0.0,0.0,0.0,0.0,0.0,0.0,0.0,1.0,1.0
0.0,0.7825496058711607,0.0,0.16666666666666666,0.2995388511917728,0.0,0.0,1.0,0.0,1.0,0.0,0.0,0.0,0.0,0.0,0.0,1.0
0.0,0.46996466431095407,0.0,0.0,0.2647385704347907,0.0,0.0,1.0,0.0,1.0,0.0,0.0,0.0,0.0,0.0,0.0,1.0
0.0,0.396963433337387,0.0,0.0,0.060507970265993034,1.0,0.0,1.0,0.0,0.0,0.0,0.0,0.0,0.0,0.0,1.0,0.0
1.0,0.3340581679804295,0.0,0.0,0.0,1.0,0.0,1.0,0.0,0.0,0.0,0.0,0.0,0.0,0.0,1.0,1.0
0.5,0.5515085621092689,0.0,0.16666666666666666,0.038061465167318204,0.0,0.0,1.0,0.0,0.0,0.0,0.0,0.0,0.0,0.0,1.0,1.0
0.0,0.497145963577059,0.0,0.16666666666666666,0.057970539254838485,1.0,0.0,0.0,0.0,1.0,0.0,0.0,0.0,0.0,0.0,0.0,0.0
1.0,0.396963433337387,0.0,0.0,0.015126992566498259,0.0,1.0,0.0,0.0,0.0,0.0,0.0,0.0,0.0,0.0,1.0,1.0
0.0,0.850502854036423,0.125,0.0,0.15216446768991498,0.0,0.0,1.0,0.0,0.0,1.0,0.0,0.0,0.0,0.0,0.0,1.0
1.0,0.6058711606414787,0.0,0.0,0.015126992566498259,0.0,0.0,1.0,0.0,0.0,0.0,0.0,0.0,0.0,0.0,1.0,0.0
0.5,0.396963433337387,0.0,0.0,0.0,1.0,0.0,1.0,0.0,0.0,0.0,0.0,0.0,0.0,0.0,1.0,0.0
1.0,0.0894264745854852,0.5,0.16666666666666666,0.05684821399990475,1.0,1.0,0.0,0.0,0.0,0.0,0.0,0.0,0.0,0.0,1.0,0.0
1.0,0.46996466431095407,0.125,0.16666666666666666,0.03952536767375352,0.0,0.0,1.0,0.0,0.0,0.0,0.0,0.0,0.0,0.0,1.0,1.0
1.0,0.8776841533025279,0.0,0.0,0.015126992566498259,1.0,1.0,0.0,0.0,0.0,0.0,0.0,0.0,0.0,0.0,1.0,0.0
1.0,0.3748301168795869,0.0,0.0,0.015330377421392339,1.0,0.0,1.0,0.0,0.0,0.0,0.0,0.0,0.0,0.0,1.0,0.0
1.0,0.21174232128295734,0.0,0.0,0.018542765081513996,1.0,0.0,1.0,0.0,0.0,0.0,0.0,0.0,0.0,0.0,1.0,0.0
1.0,0.2525142701821147,0.0,0.0,0.015712553569072387,1.0,0.0,1.0,0.0,0.0,0.0,0.0,0.0,0.0,0.0,1.0,1.0
0.0,0.396963433337387,0.0,0.0,0.050748620223090936,1.0,0.0,1.0,0.0,0.0,0.0,0.0,0.0,0.0,0.0,0.0,0.0
1.0,0.44278336504484916,0.0,0.0,0.016908073949327893,1.0,0.0,0.0,0.0,0.0,0.0,0.0,0.0,0.0,0.0,1.0,0.0
1.0,0.4020114161456918,0.0,0.0,0.018542765081513996,1.0,0.0,1.0,0.0,0.0,0.0,0.0,0.0,0.0,0.0,1.0,1.0
1.0,0.2932862190812721,0.0,0.0,0.015411575213749286,1.0,0.0,1.0,0.0,0.0,0.0,0.0,0.0,0.0,0.0,1.0,0.0
0.5,0.5650992117423214,0.0,0.0,0.025374310111545468,1.0,0.0,1.0,0.0,0.0,0.0,0.0,0.0,0.0,0.0,1.0,1.0
1.0,0.2932862190812721,0.0,0.0,0.015126992566498259,0.0,1.0,0.0,0.0,0.0,0.0,0.0,0.0,0.0,0.0,1.0,1.0
0.0,0.34764881761348193,0.0,0.0,0.15390495017656614,0.0,0.0,1.0,0.0,0.0,0.0,0.0,0.0,0.0,0.0,1.0,1.0
0.0,0.2525142701821147,0.125,0.0,0.17777475888549785,0.0,0.0,0.0,1.0,0.0,0.0,0.0,0.0,0.0,0.0,0.0,1.0
0.5,0.4835553139440065,0.0,0.0,0.025130326360472913,1.0,0.0,0.0,0.0,0.0,1.0,0.0,0.0,0.0,0.0,0.0,0.0
1.0,0.320467518347377,0.0,0.0,0.01727404957593672,0.0,0.0,1.0,0.0,0.0,0.0,0.0,0.0,0.0,0.0,1.0,0.0
1.0,0.320467518347377,0.0,0.0,0.015411575213749286,1.0,0.0,1.0,0.0,0.0,0.0,0.0,0.0,0.0,0.0,1.0,0.0
0.0,0.396963433337387,0.0,0.0,0.05410739813385612,1.0,0.0,0.0,0.0,0.0,0.0,0.0,0.0,0.0,0.0,1.0,0.0
1.0,0.3136721935308508,0.0,0.0,0.014110458666029575,1.0,0.0,0.0,0.0,0.0,0.0,0.0,0.0,0.0,0.0,1.0,0.0
0.0,0.02147322642022289,0.125,0.3333333333333333,0.29580589980036276,0.0,0.0,1.0,0.0,1.0,0.0,0.0,0.0,0.0,0.0,0.0,0.0
0.0,0.396963433337387,0.0,0.0,0.05953203526170282,1.0,0.0,1.0,0.0,1.0,0.0,0.0,0.0,0.0,0.0,0.0,1.0
0.0,0.673824408806741,0.0,0.16666666666666666,0.4831284260198326,0.0,0.0,0.0,1.0,0.0,0.0,0.0,0.0,0.0,0.0,0.0,1.0
1.0,0.396963433337387,0.0,0.0,0.015126992566498259,0.0,1.0,0.0,0.0,0.0,0.0,0.0,0.0,0.0,0.0,1.0,1.0
1.0,0.396963433337387,0.25,0.0,0.04538097769949478,1.0,1.0,0.0,0.0,0.0,0.0,0.0,0.0,0.0,0.0,1.0,1.0
1.0,0.2525142701821147,0.0,0.0,0.0,1.0,0.0,1.0,0.0,0.0,0.0,0.0,0.0,0.0,0.0,1.0,0.0
0.5,0.396963433337387,0.0,0.0,0.024105594605968193,0.0,1.0,0.0,0.0,0.0,0.0,1.0,0.0,0.0,0.0,0.0,1.0
1.0,0.396963433337387,0.0,0.0,0.015712553569072387,1.0,0.0,1.0,0.0,0.0,0.0,0.0,0.0,0.0,0.0,1.0,0.0
0.0,0.006795324816526231,0.125,0.3333333333333333,0.29580589980036276,1.0,0.0,1.0,0.0,1.0,0.0,0.0,0.0,0.0,0.0,0.0,1.0
0.0,0.396963433337387,0.0,0.0,0.21642978772242535,0.0,0.0,0.0,0.0,0.0,0.0,0.0,0.0,0.0,0.0,1.0,1.0
0.0,0.2253329709160098,0.125,0.0,0.2125586439344078,0.0,0.0,0.0,0.0,1.0,0.0,0.0,0.0,0.0,0.0,0.0,1.0
0.5,0.4020114161456918,0.125,0.0,0.04684488020593009,1.0,0.0,0.0,0.0,0.0,0.0,0.0,0.0,0.0,0.0,1.0,0.0
0.0,0.4020114161456918,0.0,0.0,0.11111839809247648,0.0,0.0,0.0,0.0,0.0,0.0,1.0,0.0,0.0,0.0,0.0,1.0
0.0,0.320467518347377,0.0,0.0,0.16231419173453318,0.0,0.0,0.0,0.0,1.0,0.0,0.0,0.0,0.0,0.0,0.0,1.0
0.0,0.23892362054906224,0.25,0.3333333333333333,0.5121218935012878,0.0,0.0,0.0,1.0,0.0,0.0,0.0,0.0,0.0,0.0,0.0,1.0
0.5,0.34764881761348193,0.125,0.16666666666666666,0.050748620223090936,0.0,0.0,1.0,0.0,0.0,0.0,0.0,0.0,0.0,0.0,1.0,0.0
1.0,0.3748301168795869,0.0,0.0,0.015411575213749286,1.0,0.0,1.0,0.0,0.0,0.0,0.0,0.0,0.0,0.0,1.0,0.0
0.5,0.5786898613753738,0.125,0.16666666666666666,0.05123658772523604,1.0,0.0,1.0,0.0,0.0,0.0,0.0,0.0,0.0,0.0,1.0,0.0
1.0,0.34764881761348193,0.0,0.0,0.015330377421392339,0.0,0.0,1.0,0.0,0.0,0.0,0.0,0.0,0.0,0.0,1.0,1.0
0.5,0.320467518347377,0.125,0.0,0.050748620223090936,0.0,0.0,1.0,0.0,0.0,0.0,0.0,0.0,0.0,0.0,1.0,1.0
0.5,0.7281870073389508,0.0,0.0,0.027326180120125887,1.0,0.0,1.0,0.0,0.0,0.0,0.0,0.0,0.0,0.0,1.0,0.0
0.0,0.41560206577874426,0.0,0.3333333333333333,0.32179836714362564,0.0,0.0,1.0,0.0,1.0,0.0,0.0,0.0,0.0,0.0,0.0,1.0
0.0,0.5379179124762163,0.125,0.16666666666666666,0.2625265161540666,0.0,0.0,0.0,0.0,0.0,0.0,1.0,0.0,0.0,0.0,0.0,1.0
1.0,0.2932862190812721,0.0,0.0,0.014151057562208049,1.0,0.0,1.0,0.0,0.0,0.0,0.0,0.0,0.0,0.0,1.0,0.0
1.0,0.3612394672465344,0.0,0.0,0.015411575213749286,1.0,0.0,1.0,0.0,0.0,0.0,0.0,0.0,0.0,0.0,1.0,0.0
0.5,0.4020114161456918,0.0,0.0,0.024105594605968193,0.0,1.0,0.0,0.0,0.0,0.0,0.0,0.0,0.0,0.0,1.0,1.0
0.5,0.2932862190812721,0.125,0.16666666666666666,0.056604230248832196,0.0,0.0,1.0,0.0,0.0,0.0,0.0,0.0,0.0,0.0,1.0,1.0
1.0,0.396963433337387,1.0,0.3333333333333333,0.13575255909676825,1.0,0.0,1.0,0.0,0.0,0.0,0.0,0.0,0.0,0.0,1.0,0.0
0.0,0.4835553139440065,0.0,0.0,0.2647385704347907,0.0,0.0,0.0,0.0,1.0,0.0,0.0,0.0,0.0,0.0,0.0,1.0
1.0,0.8233215547703181,0.0,0.0,0.012174789178520372,1.0,0.0,1.0,0.0,0.0,0.0,0.0,0.0,0.0,0.0,1.0,0.0
0.5,0.4835553139440065,0.0,0.0,0.025374310111545468,0.0,0.0,1.0,0.0,0.0,1.0,0.0,0.0,0.0,0.0,0.0,1.0
1.0,0.41560206577874426,0.125,0.16666666666666666,0.04006213192611313,0.0,0.0,1.0,0.0,0.0,0.0,0.0,0.0,0.0,0.0,1.0,1.0
0.0,0.21174232128295734,0.0,0.16666666666666666,0.11316786160148591,0.0,0.0,0.0,1.0,0.0,0.0,0.0,0.0,0.0,0.0,0.0,1.0
1.0,0.396963433337387,0.25,0.0,0.04538097769949478,0.0,1.0,0.0,0.0,0.0,0.0,0.0,0.0,0.0,0.0,1.0,1.0
0.0,0.612666485458005,0.0,0.0,0.055628295244541985,1.0,0.0,1.0,0.0,1.0,0.0,0.0,0.0,0.0,0.0,0.0,0.0
0.0,0.5107366132101114,0.0,0.16666666666666666,0.2995388511917728,1.0,0.0,1.0,0.0,1.0,0.0,0.0,0.0,0.0,0.0,0.0,0.0
1.0,0.21174232128295734,0.25,0.0,0.03513366015444757,1.0,0.0,1.0,0.0,0.0,0.0,0.0,0.0,0.0,0.0,1.0,0.0
0.0,0.396963433337387,0.125,0.0,0.2608674266467732,0.0,0.0,1.0,0.0,0.0,0.0,0.0,0.0,0.0,0.0,1.0,1.0
1.0,0.396963433337387,0.0,0.0,0.015411575213749286,1.0,0.0,1.0,0.0,0.0,0.0,0.0,0.0,0.0,0.0,1.0,0.0
0.0,0.38842076651263935,0.125,0.0,0.12999454257145598,1.0,0.0,1.0,0.0,1.0,0.0,0.0,0.0,0.0,0.0,0.0,0.0
0.0,0.5515085621092689,0.0,0.0,0.2625265161540666,0.0,0.0,0.0,0.0,0.0,0.0,1.0,0.0,0.0,0.0,0.0,1.0
1.0,0.6058711606414787,0.0,0.0,0.015712553569072387,1.0,0.0,1.0,0.0,0.0,0.0,0.0,0.0,0.0,0.0,1.0,1.0
0.0,0.6058711606414787,0.0,0.0,0.06929138530460494,1.0,0.0,1.0,0.0,0.0,0.0,0.0,0.0,0.0,1.0,0.0,0.0
0.5,0.02147322642022289,0.125,0.16666666666666666,0.050748620223090936,1.0,0.0,1.0,0.0,0.0,0.0,0.0,1.0,0.0,0.0,0.0,1.0
0.0,0.320467518347377,0.375,0.3333333333333333,0.5133418122566507,0.0,0.0,1.0,0.0,1.0,0.0,0.0,0.0,0.0,0.0,0.0,1.0
0.5,0.3748301168795869,0.0,0.0,0.025374310111545468,1.0,0.0,1.0,0.0,0.0,0.0,0.0,0.0,0.0,0.0,1.0,0.0
0.5,0.3340581679804295,0.0,0.0,0.025374310111545468,1.0,0.0,1.0,0.0,0.0,0.0,0.0,0.0,0.0,0.0,1.0,0.0
0.5,0.4835553139440065,0.0,0.0,0.025374310111545468,1.0,0.0,1.0,0.0,0.0,0.0,0.0,0.0,0.0,0.0,1.0,0.0
0.5,0.320467518347377,0.0,0.0,0.025374310111545468,0.0,0.0,1.0,0.0,0.0,0.0,0.0,1.0,0.0,0.0,0.0,1.0
0.5,0.5379179124762163,0.0,0.0,0.025374310111545468,0.0,0.0,1.0,0.0,0.0,0.0,0.0,0.0,0.0,0.0,1.0,1.0
1.0,0.396963433337387,0.125,0.0,0.031425107138144774,0.0,0.0,1.0,0.0,0.0,0.0,0.0,0.0,0.0,0.0,1.0,1.0
1.0,0.03506387605327535,0.125,0.16666666666666666,0.031034733136428686,1.0,0.0,1.0,0.0,0.0,0.0,0.0,0.0,0.0,0.0,1.0,1.0
1.0,0.5650992117423214,0.0,0.0,0.016908073949327893,1.0,0.0,1.0,0.0,0.0,0.0,0.0,0.0,0.0,0.0,1.0,0.0
1.0,0.30687686871432457,0.0,0.0,0.01800600082915438,1.0,0.0,1.0,0.0,0.0,0.0,0.0,0.0,0.0,0.0,1.0,0.0
0.0,0.396963433337387,0.0,0.0,0.06831545030031472,1.0,0.0,1.0,0.0,1.0,0.0,0.0,0.0,0.0,0.0,0.0,0.0
1.0,0.19815167164990488,0.125,0.16666666666666666,0.014110458666029575,1.0,0.0,0.0,0.0,0.0,0.0,0.0,0.0,0.0,0.0,1.0,0.0
1.0,0.3340581679804295,0.125,0.0,0.034743286152731485,1.0,0.0,1.0,0.0,0.0,0.0,0.0,0.0,0.0,0.0,1.0,0.0
1.0,0.396963433337387,0.0,0.0,0.014102260811993537,1.0,0.0,0.0,0.0,0.0,0.0,0.0,0.0,0.0,0.0,1.0,0.0
1.0,0.3748301168795869,0.0,0.0,0.018542765081513996,1.0,0.0,1.0,0.0,0.0,0.0,0.0,0.0,0.0,0.0,1.0,0.0
0.0,0.2932862190812721,0.0,0.16666666666666666,0.10735285047192313,0.0,0.0,1.0,0.0,0.0,0.0,1.0,0.0,0.0,0.0,0.0,1.0
0.5,0.5107366132101114,0.0,0.0,0.025374310111545468,0.0,0.0,1.0,0.0,0.0,0.0,0.0,0.0,0.0,0.0,1.0,0.0
1.0,0.396963433337387,0.0,0.0,0.01537917417160685,0.0,1.0,0.0,0.0,0.0,0.0,0.0,0.0,0.0,0.0,1.0,1.0
1.0,0.396963433337387,0.0,0.0,0.01537917417160685,0.0,1.0,0.0,0.0,0.0,0.0,0.0,0.0,0.0,0.0,1.0,1.0
1.0,0.5379179124762163,0.125,0.6666666666666666,0.05445717323939373,1.0,0.0,1.0,0.0,0.0,0.0,0.0,0.0,0.0,0.0,1.0,0.0
0.5,0.38842076651263935,0.125,0.0,0.05410739813385612,1.0,0.0,0.0,0.0,0.0,0.0,0.0,0.0,0.0,0.0,1.0,0.0
1.0,0.6058711606414787,0.0,0.16666666666666666,0.028212719478023115,0.0,0.0,0.0,0.0,0.0,0.0,0.0,0.0,0.0,0.0,1.0,0.0
1.0,0.46996466431095407,0.0,0.0,0.013760683560491965,1.0,0.0,1.0,0.0,0.0,0.0,0.0,0.0,0.0,0.0,1.0,0.0
1.0,0.396963433337387,0.125,0.0,0.030253985132996517,1.0,1.0,0.0,0.0,0.0,0.0,0.0,0.0,0.0,0.0,1.0,0.0
1.0,0.4020114161456918,0.0,0.0,0.014151057562208049,1.0,0.0,1.0,0.0,0.0,0.0,0.0,0.0,0.0,0.0,1.0,0.0
0.0,0.8097309051372656,0.125,0.0,0.14687821814567664,0.0,0.0,0.0,0.0,0.0,1.0,0.0,0.0,0.0,0.0,0.0,1.0
1.0,0.396963433337387,0.0,0.0,0.014110458666029575,0.0,0.0,0.0,0.0,0.0,0.0,0.0,0.0,0.0,0.0,1.0,1.0
1.0,0.396963433337387,0.0,0.0,0.015126992566498259,0.0,1.0,0.0,0.0,0.0,0.0,0.0,0.0,0.0,0.0,1.0,1.0
0.0,0.320467518347377,0.0,0.0,0.13526459159462315,0.0,0.0,0.0,1.0,0.0,0.0,0.0,0.0,0.0,0.0,0.0,1.0
0.0,0.3340581679804295,0.125,0.0,0.1082149914547131,1.0,0.0,0.0,0.0,0.0,0.0,1.0,0.0,0.0,0.0,0.0,1.0
1.0,0.23892362054906224,0.125,0.0,0.012678957201736696,1.0,0.0,1.0,0.0,0.0,0.0,0.0,0.0,0.0,0.0,1.0,0.0
1.0,0.2525142701821147,0.0,0.0,0.015712553569072387,1.0,0.0,1.0,0.0,0.0,0.0,0.0,0.0,0.0,0.0,1.0,0.0
0.0,0.2932862190812721,0.0,0.0,0.2647385704347907,1.0,0.0,0.0,0.0,0.0,0.0,0.0,0.0,0.0,0.0,1.0,0.0
1.0,0.03506387605327535,0.375,0.16666666666666666,0.04113566043083236,0.0,0.0,1.0,0.0,0.0,0.0,0.0,0.0,0.0,0.0,1.0,0.0
0.0,0.396963433337387,0.125,0.0,0.16038672010106003,0.0,0.0,0.0,0.0,0.0,0.0,0.0,0.0,0.0,0.0,1.0,1.0
1.0,0.2932862190812721,0.0,0.0,0.014151057562208049,0.0,0.0,1.0,0.0,0.0,0.0,0.0,0.0,0.0,0.0,1.0,1.0
0.0,0.3612394672465344,0.0,0.3333333333333333,0.41282050681475896,1.0,0.0,0.0,0.0,1.0,0.0,0.0,0.0,0.0,0.0,0.0,0.0
1.0,0.26610491981516715,0.0,0.0,0.007831878409428937,1.0,0.0,0.0,0.0,0.0,0.0,0.0,0.0,0.0,0.0,1.0,0.0
1.0,0.2525142701821147,0.0,0.0,0.015175789316712771,1.0,0.0,1.0,0.0,0.0,0.0,0.0,0.0,0.0,0.0,1.0,0.0
0.0,0.5650992117423214,0.0,0.0,0.4440992237022602,0.0,0.0,0.0,0.0,0.0,0.0,0.0,0.0,0.0,0.0,1.0,1.0
1.0,0.007882576787170428,0.0,0.3333333333333333,0.030725752114070404,0.0,0.0,0.0,0.0,0.0,0.0,0.0,0.0,0.0,0.0,1.0,1.0
1.0,0.4291927154117967,0.0,0.0,0.015468569817999833,1.0,0.0,1.0,0.0,0.0,0.0,0.0,0.0,0.0,0.0,1.0,0.0
0.0,0.46996466431095407,0.125,0.0,0.10149724044618187,0.0,0.0,1.0,0.0,0.0,0.0,0.0,0.0,0.0,0.0,1.0,1.0
1.0,0.396963433337387,0.0,0.0,0.015411575213749286,1.0,0.0,1.0,0.0,0.0,0.0,0.0,0.0,0.0,0.0,1.0,0.0
0.5,0.23892362054906224,0.0,0.0,0.1434624456306609,1.0,0.0,1.0,0.0,0.0,0.0,0.0,0.0,0.0,0.0,1.0,0.0
1.0,0.007882576787170428,0.625,0.3333333333333333,0.09154270340242172,1.0,0.0,1.0,0.0,0.0,0.0,0.0,0.0,0.0,0.0,1.0,0.0
0.5,0.4835553139440065,0.0,0.0,0.025374310111545468,0.0,0.0,1.0,0.0,0.0,0.0,0.0,0.0,0.0,0.0,1.0,1.0
1.0,0.396963433337387,0.0,0.0,0.015086393670319786,1.0,1.0,0.0,0.0,0.0,0.0,0.0,0.0,0.0,0.0,1.0,0.0
0.5,0.2253329709160098,0.0,0.0,0.023422440102965045,0.0,0.0,0.0,0.0,0.0,0.0,0.0,0.0,0.0,0.0,1.0,1.0
0.0,0.4835553139440065,0.125,0.3333333333333333,0.23422440102965048,1.0,0.0,1.0,1.0,0.0,0.0,0.0,0.0,0.0,0.0,0.0,1.0
1.0,0.27969556944821966,0.0,0.0,0.015216388212891242,1.0,0.0,1.0,0.0,0.0,0.0,0.0,0.0,0.0,0.0,1.0,1.0
1.0,0.3748301168795869,0.25,0.0,0.015468569817999833,1.0,0.0,1.0,0.0,0.0,0.0,0.0,0.0,0.0,0.0,1.0,0.0
0.0,0.30687686871432457,0.125,0.0,0.22109807522194713,0.0,0.0,0.0,0.0,0.0,1.0,0.0,0.0,0.0,0.0,0.0,1.0
1.0,0.320467518347377,0.0,0.3333333333333333,0.03259622914329302,0.0,0.0,1.0,0.0,0.0,0.0,0.0,0.0,1.0,0.0,0.0,1.0
1.0,0.2932862190812721,0.0,0.0,0.015216388212891242,1.0,0.0,1.0,0.0,0.0,0.0,0.0,0.0,0.0,0.0,1.0,0.0
1.0,0.41560206577874426,0.0,0.0,0.015330377421392339,0.0,0.0,1.0,0.0,0.0,0.0,0.0,0.0,0.0,0.0,1.0,0.0
0.5,0.6194618102745312,0.0,0.0,0.050748620223090936,1.0,0.0,1.0,0.0,0.0,0.0,0.0,0.0,0.0,0.0,1.0,0.0
0.5,0.30687686871432457,0.0,0.0,0.020494635090094415,1.0,0.0,1.0,0.0,0.0,0.0,0.0,0.0,0.0,0.0,1.0,0.0
0.5,0.3748301168795869,0.0,0.0,0.02469115560854232,0.0,0.0,1.0,0.0,0.0,0.0,0.0,0.0,0.0,0.0,1.0,1.0
1.0,0.5243272628431639,0.0,0.0,0.015468569817999833,1.0,0.0,1.0,0.0,0.0,0.0,0.0,0.0,0.0,0.0,1.0,1.0
1.0,0.34764881761348193,0.0,0.0,0.015712553569072387,1.0,0.0,1.0,0.0,0.0,0.0,0.0,0.0,0.0,0.0,1.0,0.0
1.0,0.27969556944821966,0.125,0.0,0.019177122834302632,0.0,0.0,1.0,0.0,0.0,0.0,0.0,0.0,0.0,0.0,1.0,0.0
1.0,0.3748301168795869,0.125,0.0,0.030937139635999665,1.0,0.0,1.0,0.0,0.0,0.0,0.0,0.0,0.0,0.0,1.0,0.0
1.0,0.26610491981516715,0.0,0.0,0.016908073949327893,0.0,0.0,1.0,0.0,0.0,0.0,0.0,0.0,0.0,0.0,1.0,0.0
0.5,0.4563740146779016,0.125,0.0,0.04098927018018883,1.0,0.0,1.0,0.0,0.0,0.0,0.0,0.0,0.0,0.0,1.0,0.0
1.0,0.6874150584397934,0.0,0.0,0.015126992566498259,1.0,0.0,1.0,0.0,0.0,0.0,0.0,0.0,0.0,0.0,1.0,0.0
0.5,0.03506387605327535,0.125,0.16666666666666666,0.03659756266088288,1.0,0.0,1.0,0.0,0.0,0.0,0.0,0.0,0.0,0.0,1.0,1.0
1.0,0.27969556944821966,0.0,0.0,0.015175789316712771,1.0,0.0,1.0,0.0,0.0,0.0,0.0,0.0,0.0,0.0,1.0,0.0
1.0,0.396963433337387,0.375,0.16666666666666666,0.049707687947515,0.0,0.0,1.0,0.0,0.0,0.0,0.0,0.0,0.0,0.0,1.0,0.0
1.0,0.396963433337387,0.0,0.0,0.015411575213749286,1.0,0.0,1.0,0.0,0.0,0.0,0.0,0.0,0.0,0.0,1.0,0.0
1.0,0.396963433337387,0.0,0.0,0.013386510079847098,1.0,1.0,0.0,0.0,0.0,0.0,0.0,0.0,0.0,0.0,1.0,0.0
0.0,0.44278336504484916,0.125,0.0,0.17566830077223786,0.0,1.0,0.0,0.0,1.0,0.0,0.0,0.0,0.0,0.0,0.0,1.0
0.5,0.396963433337387,0.0,0.0,0.0,1.0,0.0,1.0,0.0,0.0,0.0,0.0,0.0,0.0,0.0,1.0,0.0
1.0,0.5922805110084263,0.0,0.0,0.015468569817999833,1.0,0.0,1.0,0.0,0.0,0.0,0.0,0.0,0.0,0.0,1.0,1.0
1.0,0.396963433337387,0.0,0.0,0.015712553569072387,0.0,0.0,1.0,0.0,0.0,0.0,0.0,0.0,0.0,0.0,1.0,0.0
0.5,0.4563740146779016,0.125,0.16666666666666666,0.06343577527886367,0.0,0.0,1.0,0.0,0.0,0.0,0.0,0.0,0.0,0.0,1.0,1.0
0.5,0.23892362054906224,0.0,0.3333333333333333,0.025374310111545468,0.0,0.0,1.0,0.0,0.0,0.0,0.0,0.0,0.0,0.0,1.0,1.0
0.5,0.4020114161456918,0.0,0.0,0.025374310111545468,1.0,0.0,1.0,0.0,0.0,0.0,0.0,0.0,0.0,0.0,1.0,0.0
1.0,0.13019842348464256,0.0,0.3333333333333333,0.04713766070721715,0.0,0.0,1.0,0.0,0.0,0.0,0.0,0.0,0.0,0.0,1.0,0.0
1.0,0.396963433337387,0.0,0.0,0.015411575213749286,1.0,0.0,0.0,0.0,0.0,0.0,0.0,0.0,0.0,0.0,1.0,0.0
1.0,0.27969556944821966,0.0,0.0,0.015094396337354966,1.0,1.0,0.0,0.0,0.0,0.0,0.0,0.0,0.0,0.0,1.0,0.0
1.0,0.38842076651263935,0.0,0.0,0.015370976317570811,1.0,0.0,1.0,0.0,0.0,0.0,0.0,0.0,0.0,0.0,1.0,0.0
1.0,0.3748301168795869,0.125,0.16666666666666666,0.028106928123558056,0.0,0.0,1.0,0.0,0.0,0.0,0.0,0.0,0.0,0.0,1.0,0.0
1.0,0.23892362054906224,0.125,0.16666666666666666,0.039452172548431745,1.0,0.0,1.0,0.0,0.0,0.0,0.0,0.0,0.0,0.0,1.0,0.0
1.0,0.396963433337387,0.0,0.0,0.014151057562208049,1.0,0.0,1.0,0.0,0.0,0.0,0.0,0.0,0.0,0.0,1.0,0.0
0.5,0.3748301168795869,0.125,0.0,0.050748620223090936,0.0,0.0,1.0,0.0,0.0,0.0,0.0,0.0,0.0,0.0,1.0,1.0
0.5,0.2525142701821147,0.0,0.0,0.050748620223090936,0.0,0.0,1.0,0.0,0.0,0.0,0.0,0.0,0.0,0.0,1.0,1.0
1.0,0.396963433337387,0.0,0.0,0.015126992566498259,1.0,1.0,0.0,0.0,0.0,0.0,0.0,0.0,0.0,0.0,1.0,0.0
1.0,0.4291927154117967,0.0,0.0,0.015712553569072387,1.0,0.0,1.0,0.0,0.0,0.0,1.0,0.0,0.0,0.0,0.0,1.0
0.0,0.3748301168795869,0.0,0.0,0.051822148727810165,1.0,0.0,1.0,0.0,1.0,0.0,0.0,0.0,0.0,0.0,0.0,1.0
1.0,0.396963433337387,0.125,0.0,0.031425107138144774,0.0,0.0,1.0,0.0,0.0,0.0,0.0,0.0,0.0,0.0,1.0,1.0
0.5,0.5650992117423214,0.125,0.0,0.050748620223090936,0.0,0.0,1.0,0.0,0.0,0.0,0.0,0.0,0.0,0.0,1.0,1.0
1.0,0.2253329709160098,0.0,0.0,0.013907073811135496,1.0,0.0,1.0,0.0,0.0,0.0,0.0,0.0,0.0,0.0,1.0,0.0
0.0,0.673824408806741,0.125,0.0,0.1091095334796455,1.0,0.0,1.0,0.0,0.0,0.0,1.0,0.0,0.0,0.0,0.0,0.0
0.0,0.18456102201685243,0.125,0.3333333333333333,0.23422440102965048,0.0,0.0,1.0,1.0,0.0,0.0,0.0,0.0,0.0,0.0,0.0,1.0
1.0,0.27969556944821966,0.25,0.3333333333333333,0.06709553154495196,0.0,0.0,1.0,0.0,0.0,0.0,0.0,0.0,0.0,0.0,1.0,0.0
0.5,0.320467518347377,0.25,0.5,0.03659756266088288,0.0,0.0,1.0,0.0,0.0,0.0,0.0,0.0,0.0,0.0,1.0,1.0
0.0,0.8640935036694755,0.125,0.6666666666666666,0.5133418122566507,1.0,0.0,1.0,0.0,1.0,0.0,0.0,0.0,0.0,0.0,0.0,0.0
0.5,0.41560206577874426,0.0,0.0,0.020494635090094415,1.0,0.0,1.0,0.0,0.0,0.0,0.0,0.0,0.0,0.0,1.0,0.0
0.5,0.6058711606414787,0.125,0.16666666666666666,0.05123658772523604,0.0,0.0,1.0,0.0,0.0,0.0,0.0,0.0,0.0,0.0,1.0,1.0
1.0,0.26610491981516715,0.0,0.0,0.018542765081513996,1.0,0.0,1.0,0.0,0.0,0.0,0.0,0.0,0.0,0.0,1.0,0.0
1.0,0.3340581679804295,0.125,0.0,0.015175789316712771,1.0,0.0,1.0,0.0,0.0,0.0,0.0,0.0,0.0,0.0,1.0,0.0
0.5,0.3748301168795869,0.0,0.0,0.025374310111545468,0.0,0.0,1.0,0.0,0.0,0.0,0.0,0.0,0.0,0.0,1.0,1.0
1.0,0.396963433337387,0.0,0.0,0.015834545444608664,1.0,0.0,1.0,0.0,0.0,0.0,0.0,0.0,0.0,0.0,1.0,1.0
0.0,0.04865452568632781,0.0,0.3333333333333333,0.15977676072337862,1.0,0.0,1.0,0.0,0.0,0.0,0.0,0.0,0.0,0.0,0.0,1.0
0.5,0.17097037238379995,0.0,0.16666666666666666,0.038061465167318204,0.0,0.0,1.0,0.0,0.0,0.0,0.0,0.0,0.0,0.0,1.0,1.0
0.0,0.4563740146779016,0.0,0.0,0.051822148727810165,1.0,0.0,1.0,0.0,0.0,0.0,0.0,0.0,0.0,0.0,1.0,1.0
1.0,0.062245175319380265,0.25,0.16666666666666666,0.03758969818624431,0.0,0.0,0.0,0.0,0.0,0.0,0.0,0.0,0.0,0.0,1.0,1.0
0.0,0.7010057080728459,0.0,0.0,0.05953203526170282,1.0,0.0,1.0,0.0,1.0,0.0,0.0,0.0,0.0,0.0,0.0,1.0
0.5,0.4835553139440065,0.125,0.3333333333333333,0.05416439273810667,1.0,0.0,1.0,0.0,0.0,0.0,0.0,0.0,0.0,0.0,1.0,0.0
1.0,0.396963433337387,0.125,0.0,0.03897240290032268,1.0,0.0,1.0,0.0,0.0,0.0,0.0,0.0,0.0,0.0,1.0,0.0
0.0,0.4020114161456918,0.0,0.0,0.05416439273810667,1.0,0.0,0.0,0.0,1.0,0.0,0.0,0.0,0.0,0.0,0.0,0.0
0.0,0.6602337591736885,0.125,0.0,0.17391981561855152,1.0,0.0,0.0,0.0,1.0,0.0,0.0,0.0,0.0,0.0,0.0,1.0
1.0,0.396963433337387,0.0,0.0,0.015712553569072387,1.0,0.0,1.0,0.0,0.0,0.0,0.0,0.0,0.0,0.0,1.0,0.0
1.0,0.38842076651263935,0.0,0.0,0.015411575213749286,1.0,0.0,0.0,0.0,0.0,0.0,0.0,0.0,0.0,0.0,1.0,1.0
0.0,0.8776841533025279,0.0,0.0,0.051822148727810165,1.0,0.0,1.0,0.0,0.0,0.0,1.0,0.0,0.0,0.0,0.0,0.0
0.0,0.396963433337387,0.125,0.0,0.10122885832000206,0.0,0.0,1.0,0.0,0.0,1.0,0.0,0.0,0.0,0.0,0.0,1.0
0.5,0.673824408806741,0.0,0.0,0.020494635090094415,0.0,0.0,1.0,0.0,0.0,0.0,0.0,0.0,0.0,0.0,1.0,1.0
1.0,0.396963433337387,0.0,0.0,0.015126992566498259,1.0,1.0,0.0,0.0,0.0,0.0,0.0,0.0,0.0,0.0,1.0,0.0
0.0,0.6466431095406361,0.0,0.0,0.051822148727810165,1.0,0.0,1.0,0.0,0.0,0.0,1.0,0.0,0.0,0.0,0.0,1.0
1.0,0.4563740146779016,0.0,0.0,0.015712553569072387,1.0,0.0,1.0,0.0,0.0,0.0,0.0,0.0,0.0,0.0,1.0,0.0
0.0,0.6330524599075836,0.0,0.0,0.07514699533034619,1.0,0.0,1.0,0.0,0.0,0.0,1.0,0.0,0.0,0.0,0.0,0.0
0.5,0.6466431095406361,0.0,0.0,0.025374310111545468,1.0,0.0,1.0,0.0,0.0,0.0,0.0,0.0,0.0,0.0,1.0,0.0
1.0,0.396963433337387,0.0,0.0,0.015712553569072387,1.0,0.0,1.0,0.0,0.0,0.0,0.0,0.0,0.0,0.0,1.0,0.0
1.0,0.5107366132101114,0.0,0.0,0.013760683560491965,1.0,0.0,1.0,0.0,0.0,0.0,0.0,0.0,0.0,0.0,1.0,0.0
0.5,0.396963433337387,0.0,0.0,0.0,1.0,0.0,1.0,0.0,0.0,0.0,0.0,0.0,0.0,0.0,1.0,0.0
0.0,0.7553683066050558,0.0,0.0,0.051822148727810165,1.0,0.0,1.0,0.0,0.0,0.0,0.0,0.0,0.0,0.0,1.0,0.0
1.0,0.396963433337387,0.0,0.0,0.015078195816283748,1.0,1.0,0.0,0.0,0.0,0.0,0.0,0.0,0.0,0.0,1.0,0.0
1.0,0.004484914378907312,0.25,0.16666666666666666,0.03758969818624431,0.0,0.0,0.0,0.0,0.0,0.0,0.0,0.0,0.0,0.0,1.0,1.0
1.0,0.396963433337387,0.0,0.0,0.014151057562208049,1.0,0.0,1.0,0.0,0.0,0.0,0.0,0.0,0.0,0.0,1.0,0.0
1.0,0.5107366132101114,0.0,0.0,0.016908073949327893,1.0,0.0,1.0,0.0,0.0,0.0,0.0,0.0,0.0,0.0,1.0,0.0
0.5,0.44278336504484916,0.125,0.3333333333333333,0.05416439273810667,0.0,0.0,1.0,0.0,0.0,0.0,0.0,0.0,0.0,0.0,1.0,1.0
0.5,0.30687686871432457,0.0,0.0,0.026919605597338588,0.0,0.0,0.0,0.0,0.0,1.0,0.0,0.0,0.0,0.0,0.0,1.0
1.0,0.2932862190812721,0.0,0.0,0.019201521209409888,0.0,0.0,1.0,0.0,0.0,0.0,0.0,0.0,0.0,0.0,1.0,0.0
0.0,0.396963433337387,0.0,0.0,0.10149724044618187,1.0,0.0,1.0,0.0,0.0,0.0,0.0,0.0,0.0,0.0,0.0,0.0
0.5,0.4563740146779016,0.125,0.0,0.04098927018018883,1.0,0.0,1.0,0.0,0.0,0.0,0.0,0.0,0.0,0.0,1.0,0.0
1.0,0.38842076651263935,0.125,0.0,0.013752485706455927,1.0,0.0,1.0,0.0,0.0,0.0,0.0,0.0,0.0,0.0,1.0,0.0
1.0,0.2932862190812721,0.0,0.0,0.014679623960531627,1.0,0.0,1.0,0.0,0.0,0.0,0.0,0.0,0.0,0.0,1.0,0.0
1.0,0.02147322642022289,0.0,0.16666666666666666,0.023983602730431916,0.0,0.0,1.0,0.0,0.0,0.0,0.0,0.0,0.0,0.0,1.0,1.0
1.0,0.1166077738515901,0.625,0.3333333333333333,0.09154270340242172,1.0,0.0,1.0,0.0,0.0,0.0,0.0,0.0,0.0,0.0,1.0,0.0
0.5,0.396963433337387,0.0,0.0,0.0,1.0,0.0,1.0,0.0,0.0,0.0,0.0,0.0,0.0,0.0,1.0,0.0
1.0,0.673824408806741,0.0,0.0,0.015712553569072387,1.0,0.0,1.0,0.0,0.0,0.0,0.0,0.0,0.0,0.0,1.0,0.0
1.0,0.850502854036423,0.0,0.0,0.018713553707264782,0.0,0.0,1.0,0.0,0.0,0.0,0.0,0.0,0.0,0.0,1.0,1.0
0.0,0.3340581679804295,0.125,0.0,0.17777475888549785,1.0,0.0,0.0,1.0,0.0,0.0,0.0,0.0,0.0,0.0,0.0,1.0
1.0,0.396963433337387,0.375,0.16666666666666666,0.049707687947515,0.0,0.0,1.0,0.0,0.0,0.0,0.0,0.0,0.0,0.0,1.0,0.0
0.0,0.46996466431095407,0.125,0.0,0.17566830077223786,0.0,0.0,1.0,0.0,1.0,0.0,0.0,0.0,0.0,0.0,0.0,1.0
0.0,0.7825496058711607,0.0,0.0,0.057970539254838485,1.0,0.0,0.0,1.0,0.0,0.0,0.0,0.0,0.0,0.0,0.0,0.0
1.0,0.4020114161456918,0.0,0.0,0.015712553569072387,1.0,0.0,1.0,0.0,0.0,0.0,0.0,0.0,0.0,0.0,1.0,0.0
1.0,0.1166077738515901,0.125,0.16666666666666666,0.031034733136428686,1.0,0.0,1.0,0.0,0.0,0.0,0.0,0.0,0.0,0.0,1.0,1.0
1.0,0.396963433337387,0.125,0.0,0.03897240290032268,1.0,0.0,1.0,0.0,0.0,0.0,0.0,0.0,0.0,0.0,1.0,0.0
1.0,0.27969556944821966,0.0,0.0,0.014151057562208049,1.0,0.0,1.0,0.0,0.0,0.0,0.0,0.0,0.0,0.0,1.0,0.0
0.0,0.7417776569720033,0.0,0.0,0.05953203526170282,1.0,0.0,1.0,0.0,1.0,0.0,0.0,0.0,0.0,0.0,0.0,0.0
0.0,0.9592280511008426,0.0,0.0,0.09662576327876685,1.0,0.0,0.0,0.0,0.0,0.0,0.0,0.0,0.0,0.0,1.0,0.0
1.0,0.27969556944821966,0.0,0.0,0.015712553569072387,1.0,0.0,1.0,0.0,0.0,0.0,0.0,0.0,0.0,0.0,1.0,0.0
1.0,0.396963433337387,0.0,0.0,0.028220722145058292,1.0,0.0,0.0,0.0,0.0,0.0,0.0,0.0,0.0,0.0,1.0,0.0
0.0,0.7281870073389508,0.125,0.0,0.1527664244005612,0.0,0.0,0.0,0.0,0.0,1.0,0.0,0.0,0.0,0.0,0.0,1.0
1.0,0.396963433337387,0.0,0.0,0.029473237129564348,1.0,0.0,1.0,0.0,0.0,0.0,0.0,0.0,0.0,0.0,1.0,0.0
0.0,0.3340581679804295,0.125,0.3333333333333333,0.29580589980036276,0.0,0.0,1.0,0.0,1.0,0.0,0.0,0.0,0.0,0.0,0.0,0.0
1.0,0.320467518347377,0.0,0.0,0.015216388212891242,1.0,0.0,1.0,0.0,0.0,0.0,0.0,0.0,0.0,0.0,1.0,0.0
1.0,0.2253329709160098,0.0,0.0,0.016908073949327893,1.0,0.0,1.0,0.0,0.0,0.0,0.0,0.0,0.0,0.0,1.0,0.0
1.0,0.27969556944821966,0.0,0.0,0.015126992566498259,0.0,1.0,0.0,0.0,0.0,0.0,0.0,0.0,0.0,0.0,1.0,0.0
1.0,0.396963433337387,0.0,0.0,0.014891206669461744,0.0,1.0,0.0,0.0,0.0,0.0,0.0,0.0,0.0,0.0,1.0,0.0
1.0,0.497145963577059,0.0,0.0,0.018713553707264782,0.0,0.0,1.0,0.0,0.0,0.0,0.0,0.0,0.0,0.0,1.0,0.0
0.0,0.21174232128295734,0.0,0.0,0.16883675574220638,0.0,0.0,1.0,1.0,0.0,0.0,0.0,0.0,0.0,0.0,0.0,1.0
0.0,0.23892362054906224,0.125,0.0,0.2125586439344078,1.0,0.0,0.0,0.0,1.0,0.0,0.0,0.0,0.0,0.0,0.0,0.0
0.5,0.44278336504484916,0.0,0.3333333333333333,0.050748620223090936,0.0,0.0,1.0,0.0,0.0,0.0,0.0,0.0,0.0,0.0,1.0,1.0
0.0,0.396963433337387,0.0,0.0,0.051822148727810165,1.0,0.0,1.0,0.0,0.0,0.0,0.0,0.0,0.0,0.0,1.0,1.0
1.0,0.3748301168795869,0.0,0.0,0.04396587194327397,1.0,0.0,1.0,0.0,0.0,0.0,0.0,0.0,0.0,0.0,1.0,0.0
1.0,0.34764881761348193,0.0,0.0,0.11027245763075773,1.0,0.0,1.0,0.0,0.0,0.0,0.0,0.0,0.0,0.0,1.0,1.0
1.0,0.38842076651263935,0.0,0.0,0.015126992566498259,1.0,1.0,0.0,0.0,0.0,0.0,0.0,0.0,0.0,0.0,1.0,1.0
1.0,0.396963433337387,0.0,0.0,0.015712553569072387,1.0,0.0,1.0,0.0,0.0,0.0,0.0,0.0,0.0,0.0,1.0,0.0
0.0,0.4835553139440065,0.0,0.0,0.05130978285055781,1.0,0.0,1.0,0.0,0.0,0.0,1.0,0.0,0.0,0.0,0.0,1.0
0.0,0.7281870073389508,0.125,0.0,0.11594107850967697,0.0,0.0,0.0,0.0,0.0,0.0,0.0,0.0,0.0,0.0,1.0,1.0
1.0,0.320467518347377,0.0,0.0,0.014630827210317117,1.0,0.0,1.0,0.0,0.0,0.0,0.0,0.0,0.0,0.0,1.0,0.0
0.0,0.6330524599075836,0.0,0.0,0.06640417918791278,1.0,0.0,1.0,0.0,0.0,1.0,0.0,0.0,0.0,0.0,0.0,0.0
0.5,0.4563740146779016,0.0,0.0,0.020494635090094415,0.0,0.0,1.0,0.0,0.0,0.0,0.0,1.0,0.0,0.0,0.0,1.0
1.0,0.396963433337387,0.0,0.0,0.04713766070721715,1.0,1.0,0.0,0.0,0.0,0.0,0.0,0.0,0.0,0.0,1.0,0.0
0.5,0.4835553139440065,0.125,0.0,0.050748620223090936,0.0,0.0,1.0,0.0,0.0,0.0,0.0,0.0,0.0,0.0,1.0,1.0
1.0,0.4291927154117967,0.0,0.0,0.015411575213749286,1.0,0.0,1.0,0.0,0.0,0.0,0.0,0.0,0.0,0.0,1.0,0.0
0.0,0.4020114161456918,0.0,0.0,0.18249984580226933,0.0,0.0,1.0,1.0,0.0,0.0,0.0,0.0,0.0,0.0,0.0,1.0
1.0,0.2932862190812721,0.0,0.0,0.015411575213749286,1.0,0.0,1.0,0.0,0.0,0.0,0.0,0.0,0.0,0.0,1.0,0.0
1.0,0.396963433337387,0.0,0.0,0.014102260811993537,1.0,0.0,0.0,0.0,0.0,0.0,0.0,0.0,0.0,0.0,1.0,0.0
0.0,0.5922805110084263,0.0,0.16666666666666666,0.11316786160148591,0.0,0.0,0.0,1.0,0.0,0.0,0.0,0.0,0.0,0.0,0.0,1.0
1.0,0.396963433337387,0.0,0.0,0.014110458666029575,1.0,0.0,0.0,0.0,0.0,0.0,0.0,0.0,0.0,0.0,1.0,0.0
1.0,0.5447132372927427,0.0,0.0,0.015126992566498259,1.0,1.0,0.0,0.0,0.0,0.0,0.0,0.0,0.0,0.0,1.0,0.0
0.5,0.673824408806741,0.0,0.0,0.020494635090094415,0.0,0.0,1.0,0.0,0.0,0.0,0.0,0.0,0.0,0.0,1.0,1.0
0.0,0.396963433337387,0.0,0.0,0.4328841690069588,1.0,0.0,1.0,0.0,1.0,0.0,0.0,0.0,0.0,0.0,0.0,0.0
1.0,0.5243272628431639,0.0,0.0,0.015468569817999833,1.0,0.0,1.0,0.0,0.0,0.0,0.0,0.0,0.0,0.0,1.0,0.0
0.5,0.30687686871432457,0.25,0.16666666666666666,0.022446505098674838,1.0,0.0,1.0,0.0,0.0,0.0,0.0,0.0,0.0,0.0,1.0,0.0
0.5,0.02147322642022289,0.125,0.16666666666666666,0.050748620223090936,0.0,0.0,1.0,0.0,0.0,0.0,0.0,0.0,0.0,0.0,1.0,1.0
1.0,0.396963433337387,0.0,0.0,0.014110458666029575,1.0,0.0,0.0,0.0,0.0,0.0,0.0,0.0,0.0,0.0,1.0,0.0
1.0,0.2253329709160098,0.125,0.16666666666666666,0.014110458666029575,1.0,0.0,0.0,0.0,0.0,0.0,0.0,0.0,0.0,0.0,1.0,0.0
1.0,0.396963433337387,0.0,0.3333333333333333,0.04364049521284362,0.0,0.0,0.0,0.0,0.0,0.0,0.0,0.0,0.0,0.0,1.0,1.0
1.0,0.4020114161456918,0.0,0.0,0.016908073949327893,0.0,0.0,1.0,0.0,0.0,0.0,0.0,0.0,0.0,0.0,1.0,0.0
0.5,0.0894264745854852,0.0,0.3333333333333333,0.05123658772523604,0.0,0.0,1.0,0.0,0.0,0.0,0.0,0.0,0.0,0.0,1.0,1.0
0.0,0.6058711606414787,0.0,0.0,0.051822148727810165,1.0,0.0,1.0,1.0,0.0,0.0,0.0,0.0,0.0,0.0,0.0,0.0
0.0,0.4020114161456918,0.0,0.0,0.20772776566317125,0.0,0.0,0.0,0.0,0.0,0.0,0.0,0.0,0.0,0.0,1.0,1.0
1.0,0.396963433337387,0.0,0.0,0.028302115124416098,1.0,0.0,1.0,0.0,0.0,0.0,0.0,0.0,0.0,0.0,1.0,0.0
0.0,0.2932862190812721,0.0,0.3333333333333333,0.09661756542473082,0.0,0.0,0.0,1.0,0.0,0.0,0.0,0.0,0.0,0.0,0.0,1.0
0.0,0.4835553139440065,0.0,0.3333333333333333,0.13858277060920987,0.0,0.0,1.0,1.0,0.0,0.0,0.0,0.0,0.0,0.0,0.0,1.0
1.0,0.1166077738515901,0.5,0.3333333333333333,0.06104473451835265,0.0,0.0,1.0,0.0,0.0,0.0,0.0,0.0,0.0,0.0,1.0,0.0
1.0,0.14378907311769504,0.5,0.3333333333333333,0.06104473451835265,0.0,0.0,1.0,0.0,0.0,0.0,0.0,0.0,0.0,0.0,1.0,0.0
0.5,0.4291927154117967,0.125,0.0,0.050748620223090936,1.0,0.0,1.0,0.0,0.0,0.0,0.0,0.0,0.0,0.0,1.0,1.0
0.0,0.673824408806741,0.125,0.0,0.20772776566317125,1.0,0.0,0.0,0.0,1.0,0.0,0.0,0.0,0.0,0.0,0.0,0.0
0.0,0.8640935036694755,0.0,0.0,0.050748620223090936,1.0,0.0,1.0,0.0,0.0,0.0,0.0,0.0,0.0,0.0,1.0,0.0
0.5,0.2525142701821147,0.125,0.0,0.050748620223090936,0.0,0.0,1.0,0.0,0.0,0.0,0.0,0.0,0.0,0.0,1.0,1.0
0.5,0.396963433337387,0.0,0.0,0.02705779799394608,1.0,0.0,0.0,0.0,0.0,0.0,0.0,0.0,0.0,0.0,1.0,1.0
1.0,0.44278336504484916,0.125,0.16666666666666666,0.04006213192611313,1.0,0.0,1.0,0.0,0.0,0.0,0.0,0.0,0.0,0.0,1.0,0.0
0.5,0.10301712421853765,0.125,0.16666666666666666,0.07173122281533045,1.0,0.0,1.0,0.0,0.0,0.0,0.0,0.0,0.0,0.0,1.0,1.0
0.0,0.2253329709160098,0.0,0.3333333333333333,0.21642978772242535,1.0,0.0,0.0,0.0,1.0,0.0,0.0,0.0,0.0,0.0,0.0,1.0
0.5,0.3612394672465344,0.0,0.0,0.050748620223090936,1.0,0.0,1.0,0.0,0.0,0.0,0.0,0.0,0.0,0.0,1.0,0.0
1.0,0.396963433337387,0.0,0.0,0.015281580671177828,1.0,1.0,0.0,0.0,0.0,0.0,0.0,0.0,0.0,0.0,1.0,0.0
1.0,0.2932862190812721,0.0,0.0,0.014102260811993537,1.0,0.0,0.0,0.0,0.0,0.0,0.0,0.0,0.0,0.0,1.0,1.0
1.0,0.2932862190812721,0.0,0.0,0.015175789316712771,0.0,0.0,1.0,0.0,0.0,0.0,0.0,0.0,0.0,0.0,1.0,1.0
0.0,0.8369122044033706,0.0,0.0,0.051822148727810165,1.0,0.0,1.0,0.0,0.0,0.0,0.0,0.0,0.0,0.0,1.0,0.0
0.0,0.6466431095406361,0.125,0.0,0.07729405233978466,0.0,0.0,0.0,0.0,0.0,0.0,0.0,0.0,0.0,0.0,0.0,1.0
0.0,0.396963433337387,0.0,0.0,0.4440992237022602,1.0,0.0,0.0,0.0,0.0,0.0,0.0,0.0,0.0,0.0,1.0,0.0
0.0,0.5243272628431639,0.125,0.16666666666666666,0.1554664461834305,0.0,0.0,1.0,0.0,0.0,0.0,1.0,0.0,0.0,0.0,0.0,1.0
1.0,0.4835553139440065,0.125,0.0,0.033962538149299316,0.0,0.0,1.0,0.0,0.0,0.0,0.0,0.0,0.0,0.0,1.0,1.0
1.0,0.396963433337387,0.0,0.0,0.015126992566498259,1.0,1.0,0.0,0.0,0.0,0.0,0.0,0.0,0.0,0.0,1.0,0.0
1.0,0.5379179124762163,0.0,0.0,0.015411575213749286,1.0,0.0,1.0,0.0,0.0,0.0,0.0,0.0,0.0,0.0,1.0,0.0
0.5,0.3748301168795869,0.0,0.0,0.026350245115835676,1.0,0.0,1.0,0.0,0.0,0.0,0.0,0.0,0.0,0.0,1.0,0.0
1.0,0.396963433337387,0.0,0.0,0.015712553569072387,1.0,0.0,1.0,0.0,0.0,0.0,0.0,0.0,0.0,0.0,1.0,0.0
1.0,0.396963433337387,0.0,0.0,0.015712553569072387,0.0,0.0,1.0,0.0,0.0,0.0,0.0,0.0,0.0,0.0,1.0,0.0
1.0,0.320467518347377,0.25,0.0,0.04713766070721715,1.0,0.0,1.0,0.0,0.0,0.0,0.0,0.0,0.0,0.0,1.0,0.0
1.0,0.2525142701821147,0.0,0.0,0.015411575213749286,1.0,0.0,1.0,0.0,0.0,0.0,0.0,0.0,0.0,0.0,1.0,0.0
1.0,0.38842076651263935,0.0,0.6666666666666666,0.04113566043083236,0.0,0.0,1.0,0.0,0.0,0.0,0.0,0.0,0.0,0.0,1.0,0.0
1.0,0.396963433337387,0.0,0.0,0.014110458666029575,1.0,0.0,0.0,0.0,0.0,0.0,0.0,0.0,0.0,0.0,1.0,0.0
1.0,0.4291927154117967,0.0,0.0,0.015330377421392339,1.0,0.0,1.0,0.0,0.0,0.0,0.0,0.0,0.0,0.0,1.0,1.0
0.5,0.8369122044033706,0.0,0.0,0.020494635090094415,1.0,0.0,1.0,0.0,0.0,0.0,0.0,0.0,0.0,0.0,1.0,1.0
0.0,0.7145963577058984,0.25,0.0,0.10048070654571319,0.0,0.0,1.0,0.0,1.0,0.0,0.0,0.0,0.0,0.0,0.0,1.0
0.0,0.4835553139440065,0.0,0.0,0.051504969851415845,1.0,0.0,1.0,0.0,0.0,0.0,1.0,0.0,0.0,0.0,0.0,1.0
1.0,0.396963433337387,0.0,0.0,0.015126992566498259,0.0,1.0,0.0,0.0,0.0,0.0,0.0,0.0,0.0,0.0,1.0,1.0
1.0,0.21174232128295734,0.0,0.0,0.015712553569072387,1.0,0.0,1.0,0.0,0.0,0.0,0.0,0.0,0.0,0.0,1.0,0.0
1.0,0.2525142701821147,0.0,0.0,0.028302115124416098,1.0,0.0,1.0,0.0,0.0,0.0,0.0,0.0,0.0,0.0,1.0,0.0
0.5,0.4563740146779016,0.0,0.0,0.025374310111545468,0.0,0.0,1.0,0.0,0.0,0.0,0.0,0.0,0.0,0.0,1.0,1.0
0.0,0.5243272628431639,0.125,0.0,0.1091095334796455,0.0,0.0,1.0,0.0,0.0,0.0,1.0,0.0,0.0,0.0,0.0,1.0
1.0,0.396963433337387,0.125,0.0,0.028220722145058292,0.0,0.0,0.0,0.0,0.0,0.0,0.0,0.0,0.0,0.0,1.0,0.0
1.0,0.4291927154117967,0.0,0.0,0.015468569817999833,1.0,0.0,1.0,0.0,0.0,0.0,0.0,0.0,0.0,0.0,1.0,1.0
0.5,0.3340581679804295,0.125,0.16666666666666666,0.05855610025741262,0.0,0.0,1.0,0.0,0.0,0.0,0.0,0.0,0.0,0.0,1.0,1.0
0.0,0.5243272628431639,0.125,0.16666666666666666,0.21642978772242535,0.0,0.0,0.0,0.0,1.0,0.0,0.0,0.0,0.0,0.0,0.0,1.0
0.5,0.7281870073389508,0.0,0.0,0.050748620223090936,1.0,0.0,1.0,0.0,0.0,0.0,0.0,0.0,0.0,0.0,1.0,0.0
0.0,0.4835553139440065,0.0,0.0,0.07831878409428937,1.0,0.0,0.0,0.0,0.0,0.0,0.0,0.0,0.0,0.0,0.0,0.0
1.0,0.396963433337387,0.0,0.0,0.017005667449756914,1.0,0.0,0.0,0.0,0.0,0.0,0.0,0.0,0.0,0.0,1.0,0.0
0.0,0.23892362054906224,0.0,0.3333333333333333,0.1554664461834305,0.0,0.0,1.0,0.0,0.0,0.0,1.0,0.0,0.0,0.0,0.0,1.0
0.5,0.6330524599075836,0.0,0.0,0.02927805012870631,1.0,0.0,1.0,0.0,0.0,0.0,0.0,0.0,0.0,0.0,1.0,0.0
0.0,0.8097309051372656,0.125,0.16666666666666666,0.15458810467956932,1.0,0.0,0.0,1.0,0.0,0.0,0.0,0.0,0.0,0.0,0.0,1.0
1.0,0.2932862190812721,0.0,0.0,0.015712553569072387,1.0,0.0,1.0,0.0,0.0,0.0,0.0,0.0,0.0,0.0,1.0,0.0
1.0,0.396963433337387,0.0,0.0,0.015712553569072387,1.0,0.0,1.0,0.0,0.0,0.0,0.0,0.0,0.0,0.0,1.0,0.0
1.0,0.46996466431095407,0.0,0.0,0.013907073811135496,1.0,0.0,1.0,0.0,0.0,0.0,0.0,0.0,0.0,0.0,1.0,0.0
0.0,0.7010057080728459,0.125,0.0,0.1527664244005612,0.0,0.0,0.0,0.0,0.0,1.0,0.0,0.0,0.0,0.0,0.0,1.0
1.0,0.6330524599075836,0.0,0.0,0.014151057562208049,1.0,0.0,1.0,0.0,0.0,0.0,0.0,0.0,0.0,0.0,1.0,0.0
1.0,0.396963433337387,0.0,0.3333333333333333,0.015126992566498259,0.0,1.0,0.0,0.0,0.0,0.0,0.0,0.0,0.0,0.0,1.0,0.0
0.5,0.497145963577059,0.125,0.0,0.050748620223090936,1.0,0.0,1.0,0.0,0.0,0.0,0.0,0.0,0.0,0.0,1.0,0.0
1.0,0.4835553139440065,0.125,0.16666666666666666,0.04713766070721715,1.0,0.0,1.0,0.0,0.0,0.0,0.0,0.0,0.0,0.0,1.0,0.0
0.5,0.396963433337387,0.0,0.0,0.06441171028315387,0.0,0.0,1.0,0.0,0.0,0.0,0.0,0.0,0.0,0.0,1.0,1.0
1.0,0.6602337591736885,0.0,0.0,0.0,1.0,0.0,1.0,0.0,0.0,0.0,0.0,0.0,0.0,0.0,1.0,0.0
1.0,0.396963433337387,0.0,0.0,0.014102260811993537,1.0,0.0,0.0,0.0,0.0,0.0,0.0,0.0,0.0,0.0,1.0,0.0
0.0,0.6602337591736885,0.125,0.0,0.11111839809247648,1.0,0.0,0.0,0.0,0.0,0.0,0.0,0.0,0.0,0.0,0.0,1.0
0.5,0.320467518347377,0.25,0.16666666666666666,0.05270049023167135,0.0,0.0,1.0,0.0,0.0,0.0,0.0,0.0,0.0,0.0,1.0,1.0
1.0,0.396963433337387,0.0,0.0,0.015411575213749286,1.0,0.0,1.0,0.0,0.0,0.0,0.0,0.0,0.0,0.0,1.0,0.0
0.0,0.396963433337387,0.0,0.0,0.08275928836380983,1.0,0.0,1.0,0.0,0.0,0.0,0.0,0.0,0.0,0.0,1.0,0.0
1.0,0.5922805110084263,0.0,0.0,0.015712553569072387,1.0,0.0,1.0,0.0,0.0,0.0,0.0,0.0,0.0,0.0,1.0,0.0
0.0,0.46996466431095407,0.0,0.0,0.051822148727810165,1.0,0.0,0.0,0.0,0.0,0.0,0.0,0.0,0.0,0.0,1.0,1.0
1.0,0.4835553139440065,0.125,0.0,0.030351578633425542,1.0,0.0,1.0,0.0,0.0,0.0,0.0,0.0,0.0,0.0,1.0,0.0
1.0,0.4020114161456918,0.0,0.0,0.015411575213749286,1.0,0.0,1.0,0.0,0.0,0.0,0.0,0.0,0.0,0.0,1.0,0.0
0.0,0.3612394672465344,0.0,0.0,0.05953203526170282,1.0,0.0,1.0,0.0,0.0,0.0,0.0,0.0,0.0,0.0,1.0,1.0
0.5,0.2932862190812721,0.125,0.3333333333333333,0.08115719346076702,0.0,0.0,0.0,0.0,0.0,0.0,0.0,0.0,0.0,0.0,1.0,1.0
0.0,0.5379179124762163,0.0,0.0,0.2995388511917728,0.0,0.0,1.0,0.0,1.0,0.0,0.0,0.0,0.0,0.0,0.0,1.0
1.0,0.5243272628431639,0.125,0.8333333333333333,0.06104473451835265,0.0,0.0,1.0,0.0,0.0,0.0,0.0,0.0,0.0,0.0,1.0,0.0
1.0,0.396963433337387,0.0,0.0,0.013760683560491965,1.0,0.0,1.0,0.0,0.0,0.0,0.0,0.0,0.0,0.0,1.0,0.0
1.0,0.396963433337387,0.125,0.0,0.030253985132996517,0.0,1.0,0.0,0.0,0.0,0.0,0.0,0.0,0.0,0.0,1.0,1.0
1.0,0.396963433337387,0.0,0.0,0.015126992566498259,1.0,1.0,0.0,0.0,0.0,0.0,0.0,0.0,0.0,0.0,1.0,0.0
1.0,0.46996466431095407,0.0,0.0,0.015712553569072387,1.0,0.0,1.0,0.0,0.0,0.0,0.0,0.0,0.0,0.0,1.0,0.0
0.5,0.320467518347377,0.125,0.3333333333333333,0.12687155055772734,0.0,0.0,1.0,0.0,0.0,0.0,0.0,0.0,0.0,0.0,1.0,1.0
1.0,0.4563740146779016,0.125,0.16666666666666666,0.028106928123558056,1.0,0.0,1.0,0.0,0.0,0.0,0.0,0.0,0.0,0.0,1.0,0.0
1.0,0.34764881761348193,0.125,0.0,0.031425107138144774,0.0,0.0,1.0,0.0,0.0,0.0,0.0,0.0,0.0,0.0,1.0,0.0
0.5,0.04865452568632781,0.25,0.16666666666666666,0.07612293033463641,0.0,0.0,1.0,0.0,0.0,0.0,0.0,1.0,0.0,0.0,0.0,1.0
0.5,0.34764881761348193,0.0,0.0,0.020494635090094415,1.0,0.0,1.0,0.0,0.0,0.0,0.0,0.0,0.0,0.0,1.0,0.0
1.0,0.3612394672465344,0.125,0.0,0.028212719478023115,1.0,0.0,0.0,0.0,0.0,0.0,0.0,0.0,0.0,0.0,1.0,0.0
0.0,0.5650992117423214,0.125,0.0,0.10257896680493714,1.0,0.0,1.0,0.0,0.0,1.0,0.0,0.0,0.0,0.0,0.0,1.0
1.0,0.26610491981516715,0.125,0.16666666666666666,0.030725752114070404,1.0,0.0,0.0,0.0,0.0,0.0,0.0,0.0,0.0,0.0,1.0,1.0
1.0,0.27969556944821966,0.0,0.0,0.015330377421392339,1.0,0.0,1.0,0.0,0.0,0.0,0.0,0.0,0.0,0.0,1.0,0.0
1.0,0.27969556944821966,0.0,0.0,0.031425107138144774,1.0,0.0,1.0,0.0,0.0,0.0,0.0,0.0,0.0,0.0,1.0,0.0
0.0,0.8233215547703181,0.0,0.0,0.06308600017332605,1.0,0.0,1.0,0.0,0.0,1.0,0.0,0.0,0.0,0.0,0.0,0.0
0.5,0.7689589562381083,0.0,0.0,0.024105594605968193,1.0,1.0,0.0,0.0,0.0,0.0,0.0,0.0,0.0,0.0,1.0,0.0
0.0,0.27969556944821966,0.0,0.0,0.15216446768991498,0.0,0.0,1.0,0.0,0.0,1.0,0.0,0.0,0.0,0.0,0.0,1.0
1.0,0.34764881761348193,0.0,0.0,0.015411575213749286,1.0,0.0,1.0,0.0,0.0,0.0,0.0,0.0,0.0,0.0,1.0,0.0
1.0,0.396963433337387,0.0,0.0,0.015094396337354966,1.0,1.0,0.0,0.0,0.0,0.0,0.0,0.0,0.0,0.0,1.0,0.0
1.0,0.6874150584397934,0.0,0.0,0.013768881414528002,1.0,0.0,1.0,0.0,0.0,0.0,0.0,0.0,0.0,0.0,1.0,0.0
0.0,0.4291927154117967,0.0,0.0,0.05953203526170282,1.0,0.0,0.0,1.0,0.0,0.0,0.0,0.0,0.0,0.0,0.0,1.0
0.0,0.396963433337387,0.0,0.0,0.0,1.0,0.0,1.0,0.0,0.0,0.0,0.0,0.0,0.0,0.0,1.0,0.0
1.0,0.1166077738515901,0.375,0.3333333333333333,0.05445717323939373,0.0,0.0,1.0,0.0,0.0,0.0,0.0,0.0,0.0,0.0,1.0,0.0
0.5,0.3748301168795869,0.0,0.0,0.025374310111545468,0.0,0.0,1.0,0.0,0.0,0.0,0.0,0.0,0.0,0.0,1.0,1.0
1.0,0.4291927154117967,0.0,0.0,0.015468569817999833,1.0,0.0,1.0,0.0,0.0,0.0,0.0,0.0,0.0,0.0,1.0,0.0
0.5,0.41560206577874426,0.125,0.16666666666666666,0.05123658772523604,1.0,0.0,1.0,0.0,0.0,0.0,0.0,0.0,0.0,0.0,1.0,0.0
1.0,0.5515085621092689,0.0,0.8333333333333333,0.07746484096553544,0.0,0.0,1.0,0.0,0.0,0.0,0.0,0.0,0.0,0.0,1.0,0.0
1.0,0.396963433337387,0.125,0.0,0.031425107138144774,1.0,0.0,1.0,0.0,0.0,0.0,0.0,0.0,0.0,0.0,1.0,0.0
1.0,0.26610491981516715,0.0,0.0,0.015330377421392339,1.0,0.0,1.0,0.0,0.0,0.0,0.0,0.0,0.0,0.0,1.0,0.0
0.0,0.320467518347377,0.0,0.0,0.13526459159462315,0.0,0.0,0.0,1.0,0.0,0.0,0.0,0.0,0.0,0.0,0.0,1.0
1.0,0.02147322642022289,0.375,0.3333333333333333,0.05445717323939373,0.0,0.0,1.0,0.0,0.0,0.0,0.0,0.0,0.0,0.0,1.0,0.0
1.0,0.396963433337387,0.0,0.0,0.11027245763075773,1.0,0.0,1.0,0.0,0.0,0.0,0.0,0.0,0.0,0.0,1.0,1.0
1.0,0.004484914378907312,0.25,0.16666666666666666,0.03758969818624431,0.0,0.0,0.0,0.0,0.0,0.0,0.0,0.0,0.0,0.0,1.0,1.0
0.0,0.6466431095406361,0.125,0.0,0.1497654242623688,1.0,0.0,0.0,0.0,0.0,1.0,0.0,0.0,0.0,0.0,0.0,1.0
1.0,0.2525142701821147,0.0,0.0,0.015411575213749286,1.0,0.0,1.0,0.0,0.0,0.0,0.0,0.0,0.0,0.0,1.0,0.0
0.0,0.7553683066050558,0.0,0.0,0.06929138530460494,1.0,0.0,0.0,0.0,0.0,0.0,0.0,0.0,0.0,0.0,0.0,1.0
1.0,0.396963433337387,0.0,0.0,0.014736618564782174,1.0,0.0,1.0,0.0,0.0,0.0,0.0,0.0,0.0,0.0,1.0,0.0
1.0,0.30687686871432457,0.0,0.0,0.014736618564782174,0.0,0.0,1.0,0.0,0.0,0.0,0.0,0.0,0.0,0.0,1.0,1.0
1.0,0.396963433337387,0.0,0.0,0.015411575213749286,1.0,0.0,1.0,0.0,0.0,0.0,0.0,0.0,0.0,0.0,1.0,0.0
0.5,0.23892362054906224,0.0,0.16666666666666666,0.044893010197349675,0.0,0.0,1.0,0.0,0.0,0.0,0.0,0.0,0.0,0.0,1.0,1.0
1.0,0.27969556944821966,0.0,0.0,0.01646070534336126,1.0,0.0,1.0,0.0,0.0,0.0,0.0,0.0,0.0,0.0,1.0,0.0
1.0,0.396963433337387,0.0,0.0,0.015281580671177828,0.0,1.0,0.0,0.0,0.0,0.0,0.0,0.0,0.0,0.0,1.0,1.0
1.0,0.23892362054906224,0.0,0.0,0.013175122557917838,0.0,1.0,0.0,0.0,0.0,0.0,0.0,0.0,0.0,0.0,1.0,0.0
0.5,0.320467518347377,0.25,0.0,0.1434624456306609,1.0,0.0,1.0,0.0,0.0,0.0,0.0,0.0,0.0,0.0,1.0,0.0
1.0,0.396963433337387,0.0,0.0,0.015411575213749286,1.0,0.0,1.0,0.0,0.0,0.0,0.0,0.0,0.0,0.0,1.0,0.0
1.0,0.4291927154117967,0.125,0.16666666666666666,0.030253985132996517,0.0,1.0,0.0,0.0,0.0,0.0,0.0,0.0,0.0,0.0,1.0,0.0
0.5,0.30687686871432457,0.0,0.0,0.025374310111545468,1.0,0.0,1.0,0.0,0.0,0.0,0.0,0.0,0.0,0.0,1.0,0.0
0.0,0.7825496058711607,0.0,0.3333333333333333,0.22109807522194713,1.0,0.0,0.0,0.0,0.0,1.0,0.0,0.0,0.0,0.0,0.0,0.0
0.0,0.673824408806741,0.25,0.0,0.2608674266467732,1.0,0.0,1.0,0.0,0.0,0.0,0.0,0.0,0.0,0.0,1.0,1.0
1.0,0.5379179124762163,0.0,0.0,0.014102260811993537,1.0,0.0,0.0,0.0,0.0,0.0,0.0,0.0,0.0,0.0,1.0,0.0
0.0,0.6330524599075836,0.0,0.0,0.04994347384455151,1.0,0.0,1.0,0.0,0.0,0.0,1.0,0.0,0.0,0.0,0.0,0.0
1.0,0.4835553139440065,0.0,0.0,0.014630827210317117,1.0,0.0,1.0,0.0,0.0,0.0,0.0,0.0,0.0,0.0,1.0,0.0
1.0,0.26610491981516715,0.125,0.0,0.015468569817999833,1.0,0.0,1.0,0.0,0.0,0.0,0.0,0.0,0.0,0.0,1.0,1.0
0.5,0.4291927154117967,0.25,0.0,0.1434624456306609,1.0,0.0,1.0,0.0,0.0,0.0,0.0,0.0,0.0,0.0,1.0,0.0
0.5,0.3340581679804295,0.0,0.0,0.025374310111545468,1.0,0.0,1.0,0.0,0.0,0.0,0.0,0.0,0.0,0.0,1.0,0.0
1.0,0.396963433337387,0.0,0.0,0.015175789316712771,1.0,0.0,1.0,0.0,0.0,0.0,0.0,0.0,0.0,0.0,1.0,0.0
1.0,0.5786898613753738,0.0,0.0,0.015712553569072387,1.0,0.0,1.0,0.0,0.0,0.0,0.0,0.0,0.0,0.0,1.0,0.0
0.0,0.396963433337387,0.125,0.0,0.10149724044618187,0.0,0.0,1.0,0.0,1.0,0.0,0.0,0.0,0.0,0.0,0.0,1.0
0.5,0.5379179124762163,0.125,0.16666666666666666,0.07612293033463641,0.0,0.0,1.0,0.0,0.0,0.0,0.0,0.0,0.0,0.0,1.0,1.0
0.0,0.41560206577874426,0.125,0.0,0.10149724044618187,1.0,0.0,1.0,1.0,0.0,0.0,0.0,0.0,0.0,0.0,0.0,0.0
0.5,0.9456374014677902,0.0,0.0,0.020494635090094415,1.0,0.0,1.0,0.0,0.0,0.0,0.0,0.0,0.0,0.0,1.0,0.0
0.5,0.41560206577874426,0.0,0.0,0.025374310111545468,1.0,0.0,1.0,0.0,0.0,0.0,0.0,0.0,0.0,0.0,1.0,1.0
0.5,0.396963433337387,0.0,0.0,0.0,1.0,0.0,1.0,0.0,0.0,0.0,0.0,0.0,0.0,0.0,1.0,0.0
1.0,0.23892362054906224,0.0,0.0,0.015175789316712771,1.0,0.0,1.0,0.0,0.0,0.0,0.0,0.0,0.0,0.0,1.0,0.0
1.0,0.32726284316390325,0.0,0.0,0.015712553569072387,1.0,0.0,1.0,0.0,0.0,0.0,0.0,0.0,0.0,0.0,1.0,0.0
1.0,0.23892362054906224,0.0,0.0,0.019209719063445922,0.0,0.0,1.0,0.0,0.0,0.0,0.0,0.0,0.0,0.0,1.0,1.0
1.0,0.5786898613753738,0.125,1.0,0.09154270340242172,0.0,0.0,1.0,0.0,0.0,0.0,0.0,0.0,0.0,0.0,1.0,0.0
0.0,0.4835553139440065,0.0,0.16666666666666666,1.0,1.0,0.0,0.0,1.0,0.0,0.0,0.0,0.0,0.0,0.0,0.0,1.0
1.0,0.396963433337387,0.0,0.0,0.01588334219482317,0.0,1.0,0.0,0.0,0.0,0.0,0.0,0.0,0.0,0.0,1.0,0.0
0.0,0.3612394672465344,0.0,0.0,0.1497654242623688,1.0,0.0,0.0,0.0,0.0,1.0,0.0,0.0,0.0,0.0,0.0,1.0
1.0,0.26610491981516715,0.0,0.0,0.01800600082915438,1.0,0.0,1.0,0.0,0.0,0.0,0.0,0.0,0.0,0.0,1.0,0.0
1.0,0.18456102201685243,0.625,0.3333333333333333,0.09154270340242172,1.0,0.0,1.0,0.0,0.0,0.0,0.0,0.0,0.0,0.0,1.0,0.0
0.5,0.8097309051372656,0.125,0.16666666666666666,0.07612293033463641,1.0,0.0,1.0,0.0,0.0,0.0,0.0,0.0,0.0,0.0,1.0,0.0
0.5,0.3340581679804295,0.125,0.3333333333333333,0.08115719346076702,1.0,0.0,0.0,0.0,0.0,0.0,0.0,0.0,0.0,0.0,1.0,0.0
1.0,0.18456102201685243,0.5,0.16666666666666666,0.07746484096553544,1.0,0.0,1.0,0.0,0.0,0.0,0.0,0.0,0.0,0.0,1.0,0.0
1.0,0.2525142701821147,0.0,0.0,0.019852079483269742,1.0,0.0,1.0,0.0,0.0,0.0,0.0,0.0,0.0,0.0,1.0,0.0
1.0,0.23892362054906224,0.0,0.0,0.015216388212891242,1.0,0.0,1.0,0.0,0.0,0.0,0.0,0.0,0.0,0.0,1.0,0.0
0.0,0.19815167164990488,0.0,0.16666666666666666,0.41250332793836464,0.0,0.0,1.0,1.0,0.0,0.0,0.0,0.0,0.0,0.0,0.0,1.0
0.0,0.41560206577874426,0.125,0.0,0.11125659048908397,1.0,0.0,1.0,1.0,0.0,0.0,0.0,0.0,0.0,0.0,0.0,1.0
1.0,0.04865452568632781,0.0,0.16666666666666666,0.026187654344120927,0.0,0.0,0.0,0.0,0.0,0.0,0.0,0.0,0.0,0.0,1.0,1.0
1.0,0.396963433337387,0.0,0.0,0.11027245763075773,1.0,0.0,1.0,0.0,0.0,0.0,0.0,0.0,0.0,0.0,1.0,1.0
1.0,0.3340581679804295,0.0,0.0,0.014102260811993537,1.0,0.0,0.0,0.0,0.0,0.0,0.0,0.0,0.0,0.0,1.0,0.0
0.0,0.8097309051372656,0.0,0.0,0.051822148727810165,1.0,0.0,1.0,0.0,0.0,0.0,0.0,0.0,0.0,0.0,1.0,0.0
0.5,0.7010057080728459,0.0,0.0,0.026350245115835676,1.0,0.0,1.0,0.0,0.0,0.0,0.0,0.0,0.0,0.0,1.0,0.0
1.0,0.5922805110084263,0.0,0.0,0.015712553569072387,1.0,0.0,1.0,0.0,0.0,0.0,0.0,0.0,0.0,0.0,1.0,0.0
1.0,0.396963433337387,0.0,0.0,0.015094396337354966,0.0,1.0,0.0,0.0,0.0,0.0,0.0,0.0,0.0,0.0,1.0,1.0
0.0,0.6602337591736885,0.125,0.16666666666666666,0.21642978772242535,1.0,0.0,0.0,0.0,1.0,0.0,0.0,0.0,0.0,0.0,0.0,0.0
1.0,0.5650992117423214,0.0,0.0,0.014931805565640218,1.0,0.0,1.0,0.0,0.0,0.0,0.0,1.0,0.0,0.0,0.0,0.0
0.0,0.23892362054906224,0.125,0.0,0.4440992237022602,0.0,0.0,0.0,0.0,1.0,0.0,0.0,0.0,0.0,0.0,0.0,1.0
0.0,0.46996466431095407,0.0,0.0,0.05130978285055781,1.0,0.0,1.0,0.0,0.0,0.0,1.0,0.0,0.0,0.0,0.0,1.0
1.0,0.23892362054906224,0.0,0.16666666666666666,0.028212719478023115,0.0,0.0,0.0,0.0,0.0,0.0,0.0,0.0,0.0,0.0,1.0,0.0
1.0,0.3340581679804295,0.0,0.0,0.015110792045427042,1.0,1.0,0.0,0.0,0.0,0.0,0.0,0.0,0.0,0.0,1.0,0.0
1.0,0.34764881761348193,0.125,0.0,0.015330377421392339,1.0,0.0,1.0,0.0,0.0,0.0,0.0,0.0,0.0,0.0,1.0,0.0
0.5,0.5243272628431639,0.0,0.0,0.050748620223090936,1.0,0.0,1.0,0.0,0.0,0.0,0.0,0.0,0.0,0.0,1.0,0.0
0.5,0.6058711606414787,0.0,0.0,0.026350245115835676,0.0,0.0,1.0,0.0,0.0,0.0,0.0,0.0,0.0,0.0,1.0,1.0
0.0,0.5650992117423214,0.0,0.0,0.05130978285055781,1.0,0.0,1.0,0.0,0.0,0.0,1.0,0.0,0.0,0.0,0.0,1.0
0.0,0.2932862190812721,0.0,0.0,0.29580589980036276,0.0,0.0,1.0,0.0,0.0,0.0,0.0,0.0,0.0,0.0,1.0,1.0
1.0,0.396963433337387,0.125,0.16666666666666666,0.029757819776815374,1.0,0.0,0.0,0.0,0.0,0.0,0.0,0.0,0.0,0.0,1.0,1.0
0.0,0.320467518347377,0.0,0.0,0.09662576327876685,0.0,0.0,0.0,0.0,1.0,0.0,0.0,0.0,0.0,0.0,0.0,1.0
0.0,0.396963433337387,0.0,0.0,0.051822148727810165,1.0,0.0,1.0,0.0,1.0,0.0,0.0,0.0,0.0,0.0,0.0,0.0
0.0,0.6466431095406361,0.125,0.0,0.10149724044618187,1.0,0.0,1.0,0.0,1.0,0.0,0.0,0.0,0.0,0.0,0.0,1.0
1.0,0.38842076651263935,0.0,0.0,0.018510168852370702,1.0,0.0,1.0,0.0,0.0,0.0,0.0,0.0,0.0,0.0,1.0,0.0
0.5,0.7010057080728459,0.0,0.0,0.025374310111545468,1.0,0.0,1.0,0.0,0.0,0.0,0.0,0.0,0.0,0.0,1.0,0.0
1.0,0.2525142701821147,0.0,0.0,0.014931805565640218,1.0,0.0,1.0,0.0,0.0,0.0,0.0,1.0,0.0,0.0,0.0,0.0
0.0,0.5107366132101114,0.0,0.0,0.4440992237022602,0.0,0.0,0.0,0.0,1.0,0.0,0.0,0.0,0.0,0.0,0.0,1.0
0.5,0.3612394672465344,0.0,0.0,0.020494635090094415,0.0,0.0,1.0,0.0,0.0,0.0,1.0,0.0,0.0,0.0,0.0,1.0
1.0,0.396963433337387,0.0,0.0,0.030253985132996517,1.0,1.0,0.0,0.0,0.0,0.0,0.0,0.0,0.0,0.0,1.0,0.0
1.0,0.44278336504484916,0.0,0.0,0.015175789316712771,1.0,0.0,1.0,0.0,0.0,0.0,0.0,0.0,0.0,0.0,1.0,0.0
0.5,0.07583582495243273,0.0,0.16666666666666666,0.06441171028315387,0.0,0.0,1.0,0.0,0.0,0.0,0.0,0.0,0.0,0.0,1.0,1.0
1.0,0.2253329709160098,0.125,0.0,0.013768881414528002,1.0,0.0,1.0,0.0,0.0,0.0,0.0,0.0,0.0,0.0,1.0,0.0
0.5,0.4563740146779016,0.0,0.0,0.025374310111545468,1.0,0.0,1.0,0.0,0.0,0.0,0.0,0.0,0.0,0.0,1.0,0.0
0.5,0.673824408806741,0.0,0.0,0.025374310111545468,1.0,0.0,1.0,0.0,0.0,0.0,0.0,0.0,0.0,0.0,1.0,0.0
0.0,0.3612394672465344,0.125,0.0,0.10364429745562033,1.0,0.0,1.0,0.0,0.0,0.0,1.0,0.0,0.0,0.0,0.0,1.0
1.0,0.26610491981516715,0.0,0.0,0.016908073949327893,1.0,0.0,1.0,0.0,0.0,0.0,0.0,0.0,0.0,0.0,1.0,0.0
0.5,0.4020114161456918,0.375,0.0,0.04098927018018883,0.0,0.0,1.0,0.0,0.0,0.0,0.0,0.0,0.0,0.0,1.0,1.0
1.0,0.396963433337387,0.0,0.0,0.015102594191391004,0.0,1.0,0.0,0.0,0.0,0.0,0.0,0.0,0.0,0.0,1.0,1.0
0.5,0.3340581679804295,0.125,0.0,0.050748620223090936,1.0,0.0,1.0,0.0,0.0,0.0,0.0,0.0,0.0,0.0,1.0,0.0
1.0,0.3340581679804295,0.125,0.0,0.015468569817999833,0.0,0.0,1.0,0.0,0.0,0.0,0.0,0.0,0.0,0.0,1.0,0.0
0.0,0.38842076651263935,0.0,0.0,0.41250332793836464,0.0,0.0,1.0,1.0,0.0,0.0,0.0,0.0,0.0,0.0,0.0,1.0
1.0,0.14378907311769504,0.0,0.0,0.036670757786204655,1.0,0.0,0.0,0.0,0.0,0.0,0.0,0.0,0.0,0.0,1.0,0.0
0.5,0.396963433337387,0.0,0.0,0.0,1.0,0.0,1.0,0.0,0.0,0.0,0.0,0.0,0.0,0.0,1.0,0.0
0.5,0.30687686871432457,0.0,0.0,0.025374310111545468,1.0,0.0,1.0,0.0,0.0,0.0,0.0,0.0,0.0,0.0,1.0,0.0
0.5,0.30687686871432457,0.0,0.0,0.025374310111545468,1.0,0.0,1.0,0.0,0.0,0.0,0.0,0.0,0.0,0.0,1.0,0.0
1.0,0.3816254416961131,0.0,0.0,0.031425107138144774,1.0,0.0,1.0,0.0,0.0,0.0,0.0,0.0,0.0,0.0,1.0,0.0
1.0,0.6466431095406361,0.125,0.5,0.06709553154495196,0.0,0.0,1.0,0.0,0.0,0.0,0.0,0.0,0.0,0.0,1.0,0.0
0.0,0.46996466431095407,0.0,0.0,1.0,1.0,0.0,0.0,1.0,0.0,0.0,0.0,0.0,0.0,0.0,0.0,1.0
1.0,0.396963433337387,0.0,0.0,0.015411575213749286,1.0,0.0,1.0,0.0,0.0,0.0,0.0,0.0,0.0,0.0,1.0,0.0
1.0,0.396963433337387,0.0,0.0,0.015411575213749286,1.0,0.0,1.0,0.0,0.0,0.0,0.0,0.0,0.0,0.0,1.0,0.0
0.0,0.396963433337387,0.0,0.0,0.05855610025741262,1.0,0.0,1.0,0.0,0.0,1.0,0.0,0.0,0.0,0.0,0.0,1.0
0.0,0.4835553139440065,0.125,0.0,0.15390495017656614,1.0,0.0,1.0,0.0,1.0,0.0,0.0,0.0,0.0,0.0,0.0,0.0
0.0,0.27969556944821966,0.25,0.3333333333333333,0.5121218935012878,0.0,0.0,0.0,1.0,0.0,0.0,0.0,0.0,0.0,0.0,0.0,1.0
1.0,0.320467518347377,0.125,0.0,0.031425107138144774,1.0,0.0,1.0,0.0,0.0,0.0,0.0,0.0,0.0,0.0,1.0,0.0
1.0,0.41560206577874426,0.0,0.0,0.015468569817999833,1.0,0.0,1.0,0.0,0.0,0.0,0.0,0.0,0.0,0.0,1.0,1.0
0.0,0.9456374014677902,0.125,0.16666666666666666,0.13858277060920987,1.0,0.0,1.0,1.0,0.0,0.0,0.0,0.0,0.0,0.0,0.0,0.0
1.0,0.21174232128295734,0.125,0.16666666666666666,0.03952536767375352,1.0,0.0,1.0,0.0,0.0,0.0,0.0,0.0,0.0,0.0,1.0,0.0
0.5,0.4020114161456918,0.0,0.0,0.025374310111545468,0.0,0.0,1.0,0.0,0.0,0.0,0.0,0.0,0.0,0.0,1.0,1.0
0.0,0.2525142701821147,0.125,0.0,0.10364429745562033,1.0,0.0,1.0,0.0,0.0,1.0,0.0,0.0,0.0,0.0,0.0,0.0
1.0,0.41560206577874426,0.0,0.0,0.015126992566498259,1.0,1.0,0.0,0.0,0.0,0.0,0.0,0.0,0.0,0.0,1.0,0.0
0.5,0.04865452568632781,0.125,0.16666666666666666,0.044893010197349675,0.0,0.0,1.0,0.0,0.0,0.0,0.0,0.0,0.0,0.0,1.0,1.0
1.0,0.07583582495243273,0.0,0.16666666666666666,0.024349578357040744,1.0,0.0,1.0,0.0,0.0,0.0,1.0,0.0,0.0,0.0,0.0,1.0
1.0,0.44278336504484916,0.0,0.0,0.018542765081513996,1.0,0.0,1.0,0.0,0.0,0.0,0.0,0.0,0.0,0.0,1.0,0.0
1.0,0.30687686871432457,0.0,0.0,0.015411575213749286,1.0,0.0,1.0,0.0,0.0,0.0,0.0,0.0,0.0,0.0,1.0,0.0
0.5,0.6466431095406361,0.125,0.3333333333333333,0.12687155055772734,0.0,0.0,1.0,0.0,0.0,0.0,0.0,0.0,0.0,0.0,1.0,1.0
0.5,0.003397662408263116,0.125,0.16666666666666666,0.028302115124416098,1.0,0.0,1.0,0.0,0.0,0.0,0.0,0.0,0.0,0.0,1.0,1.0
1.0,0.3748301168795869,0.0,0.0,0.015216388212891242,1.0,0.0,1.0,0.0,0.0,0.0,0.0,0.0,0.0,0.0,1.0,0.0
0.5,0.23892362054906224,0.0,0.0,0.022446505098674838,1.0,0.0,1.0,0.0,0.0,0.0,0.0,0.0,0.0,0.0,1.0,0.0
1.0,0.4563740146779016,0.0,0.0,0.015712553569072387,1.0,0.0,1.0,0.0,0.0,0.0,0.0,0.0,0.0,0.0,1.0,0.0
0.0,0.44278336504484916,0.0,0.0,0.16883675574220638,0.0,0.0,1.0,1.0,0.0,0.0,0.0,0.0,0.0,0.0,0.0,1.0
1.0,0.396963433337387,0.0,0.0,0.028302115124416098,1.0,0.0,1.0,0.0,0.0,0.0,0.0,0.0,0.0,0.0,1.0,0.0
1.0,0.5515085621092689,0.0,0.0,0.013907073811135496,1.0,0.0,1.0,0.0,0.0,0.0,0.0,0.0,0.0,0.0,1.0,0.0
1.0,0.26610491981516715,0.0,0.0,0.014110458666029575,1.0,0.0,0.0,0.0,0.0,0.0,0.0,0.0,0.0,0.0,1.0,1.0
0.0,0.4835553139440065,0.125,0.3333333333333333,0.23422440102965048,0.0,0.0,1.0,1.0,0.0,0.0,0.0,0.0,0.0,0.0,0.0,1.0
1.0,0.21174232128295734,0.0,0.0,0.015175789316712771,1.0,0.0,1.0,0.0,0.0,0.0,0.0,0.0,0.0,0.0,1.0,0.0
0.0,0.6874150584397934,0.125,0.0,0.15216446768991498,0.0,0.0,1.0,0.0,0.0,1.0,0.0,0.0,0.0,0.0,0.0,1.0
0.0,0.396963433337387,0.0,0.0,0.07729405233978466,1.0,0.0,0.0,0.0,0.0,0.0,0.0,0.0,0.0,0.0,1.0,0.0
1.0,0.40880674096221803,0.0,0.0,0.015126992566498259,0.0,1.0,0.0,0.0,0.0,0.0,0.0,0.0,0.0,0.0,1.0,0.0
1.0,0.396963433337387,0.125,0.0,0.04713766070721715,1.0,1.0,0.0,0.0,0.0,0.0,0.0,0.0,0.0,0.0,1.0,0.0
1.0,0.4291927154117967,0.0,0.0,0.016322512946753766,1.0,0.0,1.0,0.0,0.0,0.0,0.0,0.0,0.0,0.0,1.0,0.0
1.0,0.320467518347377,0.0,0.0,0.018542765081513996,1.0,0.0,1.0,0.0,0.0,0.0,0.0,0.0,0.0,0.0,1.0,0.0
1.0,0.6466431095406361,0.0,0.0,0.015330377421392339,1.0,0.0,1.0,0.0,0.0,0.0,0.0,0.0,0.0,0.0,1.0,0.0
0.5,0.7689589562381083,0.0,0.0,0.020494635090094415,0.0,0.0,1.0,0.0,0.0,0.0,1.0,0.0,0.0,0.0,0.0,0.0
1.0,0.396963433337387,0.0,0.0,0.014102260811993537,1.0,0.0,0.0,0.0,0.0,0.0,0.0,0.0,0.0,0.0,1.0,0.0
0.5,0.7281870073389508,0.125,0.5,0.044893010197349675,0.0,0.0,1.0,0.0,0.0,0.0,0.0,0.0,0.0,0.0,1.0,1.0
1.0,0.23892362054906224,0.0,0.0,0.015126992566498259,1.0,0.0,1.0,0.0,0.0,0.0,0.0,0.0,0.0,0.0,1.0,0.0
1.0,0.396963433337387,0.0,0.0,0.015126992566498259,1.0,1.0,0.0,0.0,0.0,0.0,0.0,1.0,0.0,0.0,0.0,0.0
1.0,0.062245175319380265,0.0,0.0,0.024349578357040744,0.0,0.0,1.0,0.0,0.0,0.0,0.0,0.0,0.0,0.0,1.0,1.0
1.0,0.396963433337387,0.0,0.0,0.015102594191391004,1.0,1.0,0.0,0.0,0.0,0.0,0.0,0.0,0.0,0.0,1.0,0.0
0.0,0.5786898613753738,0.0,0.16666666666666666,0.41250332793836464,0.0,0.0,1.0,1.0,0.0,0.0,0.0,0.0,0.0,0.0,0.0,1.0
1.0,0.17097037238379995,0.0,0.0,0.014110458666029575,0.0,0.0,0.0,0.0,0.0,0.0,0.0,0.0,0.0,0.0,1.0,1.0
0.0,0.2253329709160098,0.125,0.0,0.11125659048908397,0.0,0.0,1.0,1.0,0.0,0.0,0.0,0.0,0.0,0.0,0.0,1.0
0.0,0.38842076651263935,0.0,0.0,0.05855610025741262,1.0,0.0,1.0,0.0,0.0,1.0,0.0,0.0,0.0,0.0,0.0,0.0
1.0,0.396963433337387,0.125,0.3333333333333333,0.04577135170121086,1.0,0.0,1.0,0.0,0.0,0.0,0.0,0.0,0.0,0.0,1.0,0.0
1.0,0.3340581679804295,0.0,0.0,0.013760683560491965,1.0,0.0,1.0,0.0,0.0,0.0,0.0,0.0,0.0,0.0,1.0,0.0
1.0,0.3340581679804295,0.0,0.0,0.014151057562208049,1.0,0.0,1.0,0.0,0.0,0.0,0.0,0.0,0.0,0.0,1.0,0.0
1.0,0.23892362054906224,0.0,0.0,0.014630827210317117,0.0,0.0,1.0,0.0,0.0,0.0,0.0,0.0,0.0,0.0,1.0,1.0
1.0,0.10301712421853765,0.5,0.16666666666666666,0.05684821399990475,1.0,1.0,0.0,0.0,0.0,0.0,0.0,0.0,0.0,0.0,1.0,0.0
1.0,0.007882576787170428,0.125,0.3333333333333333,0.04015972542654215,1.0,0.0,1.0,0.0,0.0,0.0,0.0,0.0,0.0,0.0,1.0,1.0
0.0,0.6194618102745312,0.0,0.0,0.15458810467956932,1.0,0.0,0.0,1.0,0.0,0.0,0.0,0.0,0.0,0.0,0.0,0.0
1.0,0.396963433337387,0.0,0.0,0.015126992566498259,1.0,1.0,0.0,0.0,0.0,0.0,0.0,0.0,0.0,0.0,1.0,0.0
0.5,0.21174232128295734,0.0,0.0,0.050748620223090936,1.0,0.0,1.0,0.0,0.0,0.0,0.0,0.0,0.0,0.0,1.0,0.0
1.0,0.396963433337387,1.0,0.3333333333333333,0.13575255909676825,0.0,0.0,1.0,0.0,0.0,0.0,0.0,0.0,0.0,0.0,1.0,0.0
0.0,0.396963433337387,0.0,0.0,0.05991421140938287,1.0,0.0,0.0,0.0,0.0,0.0,0.0,0.0,0.0,0.0,1.0,0.0
1.0,0.3340581679804295,0.0,0.0,0.015411575213749286,1.0,0.0,1.0,0.0,0.0,0.0,0.0,0.0,0.0,0.0,1.0,0.0
0.5,0.5243272628431639,0.0,0.0,0.025374310111545468,1.0,0.0,1.0,0.0,0.0,0.0,0.0,0.0,0.0,0.0,1.0,0.0
0.0,0.6602337591736885,0.0,0.0,0.050610427826483444,0.0,0.0,1.0,0.0,0.0,1.0,0.0,0.0,0.0,0.0,0.0,1.0
1.0,0.41560206577874426,0.0,0.0,0.016948672845506364,0.0,0.0,1.0,0.0,0.0,0.0,0.0,0.0,0.0,0.0,1.0,1.0
1.0,0.4020114161456918,0.0,0.0,0.014110458666029575,1.0,0.0,0.0,0.0,0.0,0.0,0.0,0.0,0.0,0.0,1.0,0.0
1.0,0.4020114161456918,0.125,0.16666666666666666,0.04713766070721715,0.0,0.0,1.0,0.0,0.0,0.0,0.0,0.0,0.0,0.0,1.0,0.0
0.5,0.4563740146779016,0.0,0.0,0.025374310111545468,1.0,0.0,1.0,0.0,0.0,0.0,0.0,0.0,0.0,0.0,1.0,0.0
0.5,0.41560206577874426,0.125,0.16666666666666666,0.05123658772523604,0.0,0.0,1.0,0.0,0.0,0.0,0.0,0.0,0.0,0.0,1.0,1.0
0.0,0.14378907311769504,0.125,0.3333333333333333,0.23422440102965048,1.0,0.0,1.0,1.0,0.0,0.0,0.0,0.0,0.0,0.0,0.0,1.0
1.0,0.0,0.0,0.16666666666666666,0.016623491302076868,1.0,0.0,0.0,0.0,0.0,0.0,0.0,0.0,0.0,0.0,1.0,1.0
1.0,0.3612394672465344,0.0,0.0,0.013614293309848433,1.0,0.0,1.0,0.0,0.0,0.0,0.0,0.0,0.0,0.0,1.0,1.0
1.0,0.41560206577874426,0.0,0.0,0.015175789316712771,1.0,0.0,1.0,0.0,0.0,0.0,0.0,0.0,0.0,0.0,1.0,0.0
0.0,0.5243272628431639,0.0,0.0,0.0,1.0,0.0,1.0,0.0,0.0,0.0,0.0,0.0,0.0,0.0,0.0,0.0
1.0,0.23892362054906224,0.0,0.0,0.015175789316712771,0.0,0.0,1.0,0.0,0.0,0.0,0.0,0.0,0.0,0.0,1.0,0.0
0.5,0.5243272628431639,0.0,0.0,0.025374310111545468,1.0,0.0,1.0,0.0,0.0,0.0,0.0,0.0,0.0,0.0,1.0,0.0
0.0,0.44278336504484916,0.125,0.0,0.10364429745562033,0.0,0.0,1.0,0.0,0.0,0.0,1.0,0.0,0.0,0.0,0.0,1.0
1.0,0.34764881761348193,0.0,0.0,0.015395374692678068,1.0,0.0,1.0,0.0,0.0,0.0,0.0,0.0,0.0,0.0,1.0,0.0
1.0,0.5243272628431639,0.0,0.0,0.04713766070721715,1.0,0.0,1.0,0.0,0.0,0.0,0.0,0.0,0.0,0.0,1.0,0.0
0.5,0.46996466431095407,0.0,0.0,0.020494635090094415,1.0,0.0,1.0,0.0,0.0,0.0,0.0,0.0,0.0,0.0,1.0,0.0
1.0,0.07583582495243273,0.5,0.3333333333333333,0.06104473451835265,0.0,0.0,1.0,0.0,0.0,0.0,0.0,0.0,0.0,0.0,1.0,0.0
1.0,0.40880674096221803,0.0,0.0,0.015712553569072387,1.0,0.0,1.0,0.0,0.0,0.0,0.0,0.0,0.0,0.0,1.0,0.0
0.0,0.396963433337387,0.0,0.0,0.0,1.0,0.0,1.0,1.0,0.0,0.0,0.0,0.0,0.0,0.0,0.0,0.0
1.0,0.30687686871432457,0.0,0.0,0.015468569817999833,0.0,0.0,1.0,0.0,0.0,0.0,0.0,0.0,0.0,0.0,1.0,0.0
0.5,0.41560206577874426,0.125,0.16666666666666666,0.07222738817151159,1.0,0.0,0.0,0.0,0.0,0.0,0.0,0.0,0.0,0.0,1.0,0.0
1.0,0.5786898613753738,0.0,0.0,0.012589561555343713,1.0,0.0,1.0,0.0,0.0,0.0,0.0,0.0,0.0,0.0,1.0,0.0
1.0,0.13019842348464256,0.375,0.3333333333333333,0.05445717323939373,1.0,0.0,1.0,0.0,0.0,0.0,0.0,0.0,0.0,0.0,1.0,0.0
0.0,0.7010057080728459,0.125,0.16666666666666666,0.18249984580226933,0.0,0.0,1.0,1.0,0.0,0.0,0.0,0.0,0.0,0.0,0.0,1.0
1.0,0.3612394672465344,0.0,0.0,0.016908073949327893,1.0,0.0,1.0,0.0,0.0,0.0,0.0,0.0,0.0,0.0,1.0,1.0
0.0,0.5107366132101114,0.0,0.0,0.0,1.0,0.0,1.0,0.0,0.0,0.0,0.0,0.0,0.0,0.0,1.0,0.0
1.0,0.3612394672465344,0.0,0.16666666666666666,0.024349578357040744,0.0,0.0,1.0,0.0,0.0,0.0,1.0,0.0,0.0,0.0,0.0,1.0
1.0,0.02147322642022289,0.5,0.16666666666666666,0.07746484096553544,1.0,0.0,1.0,0.0,0.0,0.0,0.0,0.0,0.0,0.0,1.0,0.0
1.0,0.396963433337387,0.0,0.0,0.013565496559633922,1.0,1.0,0.0,0.0,0.0,0.0,0.0,0.0,0.0,0.0,1.0,0.0
1.0,0.396963433337387,0.0,0.0,0.11027245763075773,1.0,0.0,1.0,0.0,0.0,0.0,0.0,0.0,0.0,0.0,1.0,0.0
0.5,0.007882576787170428,0.0,0.3333333333333333,0.07222738817151159,1.0,0.0,0.0,0.0,0.0,0.0,0.0,0.0,0.0,0.0,1.0,1.0
1.0,0.396963433337387,0.0,0.0,0.015126992566498259,1.0,1.0,0.0,0.0,0.0,0.0,0.0,0.0,0.0,0.0,1.0,1.0
0.0,0.8369122044033706,0.0,0.0,0.15614960068643363,0.0,0.0,1.0,1.0,0.0,0.0,0.0,0.0,0.0,0.0,0.0,1.0
1.0,0.19815167164990488,0.125,0.0,0.028212719478023115,0.0,0.0,0.0,0.0,0.0,0.0,0.0,0.0,0.0,0.0,1.0,1.0
0.5,0.005572166349551508,0.125,0.16666666666666666,0.03659756266088288,1.0,0.0,1.0,0.0,0.0,0.0,0.0,0.0,0.0,0.0,1.0,1.0
1.0,0.396963433337387,0.0,0.0,0.014110458666029575,1.0,0.0,0.0,0.0,0.0,0.0,0.0,0.0,0.0,0.0,1.0,0.0
1.0,0.30687686871432457,0.0,0.0,0.015330377421392339,1.0,0.0,1.0,0.0,0.0,0.0,0.0,0.0,0.0,0.0,1.0,0.0
1.0,0.23892362054906224,0.0,0.0,0.016200521071217493,1.0,0.0,1.0,0.0,0.0,0.0,0.0,0.0,0.0,0.0,1.0,0.0
0.0,0.5243272628431639,0.125,0.16666666666666666,0.16231419173453318,0.0,0.0,0.0,0.0,0.0,0.0,1.0,0.0,0.0,0.0,0.0,1.0
1.0,0.27969556944821966,0.0,0.0,0.016908073949327893,1.0,0.0,1.0,0.0,0.0,0.0,0.0,0.0,0.0,0.0,1.0,0.0
1.0,0.396963433337387,0.0,0.0,0.015712553569072387,1.0,0.0,1.0,0.0,0.0,0.0,0.0,0.0,0.0,0.0,1.0,0.0
1.0,0.4291927154117967,0.0,0.0,0.11027245763075773,1.0,0.0,1.0,0.0,0.0,0.0,0.0,0.0,0.0,0.0,1.0,1.0
0.0,0.396963433337387,0.0,0.0,0.057970539254838485,1.0,0.0,0.0,0.0,1.0,0.0,0.0,0.0,0.0,0.0,0.0,1.0
1.0,0.26610491981516715,0.0,0.0,0.015468569817999833,1.0,0.0,1.0,0.0,0.0,0.0,0.0,0.0,0.0,0.0,1.0,0.0
0.5,0.21174232128295734,0.0,0.0,0.020494635090094415,1.0,0.0,1.0,0.0,0.0,0.0,0.0,0.0,0.0,0.0,1.0,0.0
0.0,0.4020114161456918,0.0,0.0,0.060507970265993034,0.0,0.0,0.0,0.0,0.0,0.0,0.0,0.0,0.0,0.0,1.0,1.0
1.0,0.46316933949442785,0.0,0.0,0.012565163180236457,1.0,0.0,0.0,0.0,0.0,0.0,0.0,0.0,0.0,0.0,1.0,0.0
1.0,0.2253329709160098,0.0,0.0,0.016908073949327893,1.0,0.0,1.0,0.0,0.0,0.0,0.0,0.0,0.0,0.0,1.0,0.0
1.0,0.5650992117423214,0.0,0.0,0.014736618564782174,1.0,0.0,1.0,0.0,0.0,0.0,0.0,0.0,0.0,0.0,1.0,0.0
1.0,0.396963433337387,1.0,0.3333333333333333,0.13575255909676825,1.0,0.0,1.0,0.0,0.0,0.0,0.0,0.0,0.0,0.0,1.0,0.0
1.0,0.46996466431095407,0.0,0.0,0.015411575213749286,1.0,0.0,0.0,0.0,0.0,0.0,0.0,0.0,0.0,0.0,1.0,0.0
0.5,0.3748301168795869,0.0,0.16666666666666666,0.06441171028315387,1.0,0.0,1.0,0.0,0.0,0.0,0.0,0.0,0.0,0.0,1.0,0.0
0.0,0.396963433337387,0.125,0.0,0.17391981561855152,0.0,0.0,0.0,0.0,1.0,0.0,0.0,0.0,0.0,0.0,0.0,1.0
1.0,0.04865452568632781,0.5,0.3333333333333333,0.06104473451835265,1.0,0.0,1.0,0.0,0.0,0.0,0.0,0.0,0.0,0.0,1.0,0.0
1.0,1.0,0.0,0.0,0.015175789316712771,1.0,0.0,1.0,0.0,0.0,0.0,0.0,0.0,0.0,0.0,1.0,0.0
1.0,0.1166077738515901,0.125,0.16666666666666666,0.029757819776815374,0.0,0.0,0.0,0.0,0.0,0.0,0.0,0.0,0.0,0.0,1.0,0.0
0.0,0.21174232128295734,0.0,0.16666666666666666,0.07690367833806856,0.0,0.0,1.0,0.0,0.0,1.0,0.0,0.0,0.0,0.0,0.0,1.0
0.5,0.5922805110084263,0.125,0.0,0.050748620223090936,0.0,0.0,1.0,0.0,0.0,0.0,0.0,0.0,0.0,0.0,1.0,0.0
1.0,0.23892362054906224,0.0,0.16666666666666666,0.018249984580226933,0.0,0.0,1.0,0.0,0.0,0.0,0.0,0.0,0.0,0.0,1.0,1.0
0.0,0.6058711606414787,0.125,0.16666666666666666,0.32179836714362564,0.0,0.0,1.0,0.0,0.0,0.0,0.0,0.0,0.0,0.0,1.0,1.0
0.0,0.6874150584397934,0.0,0.0,0.051822148727810165,1.0,0.0,1.0,0.0,0.0,0.0,1.0,0.0,0.0,0.0,0.0,1.0
1.0,0.320467518347377,0.0,0.5,0.03758969818624431,0.0,0.0,0.0,0.0,0.0,0.0,0.0,0.0,0.0,0.0,1.0,1.0
1.0,0.396963433337387,0.0,0.0,0.014110458666029575,1.0,0.0,0.0,0.0,0.0,0.0,0.0,0.0,0.0,0.0,1.0,0.0
1.0,0.5515085621092689,0.25,0.0,0.027537567642055148,1.0,0.0,1.0,0.0,0.0,0.0,0.0,0.0,0.0,0.0,1.0,0.0
0.5,0.27969556944821966,0.125,0.0,0.022446505098674838,1.0,0.0,1.0,0.0,0.0,0.0,0.0,0.0,0.0,0.0,1.0,0.0
0.0,0.6466431095406361,0.0,0.0,0.050610427826483444,0.0,0.0,1.0,0.0,0.0,1.0,0.0,0.0,0.0,0.0,0.0,1.0
1.0,0.396963433337387,1.0,0.3333333333333333,0.13575255909676825,0.0,0.0,1.0,0.0,0.0,0.0,0.0,0.0,0.0,0.0,1.0,0.0
0.5,0.320467518347377,0.0,0.0,0.025374310111545468,1.0,0.0,1.0,0.0,0.0,0.0,0.0,0.0,0.0,0.0,1.0,0.0
0.5,0.5650992117423214,0.0,0.0,0.025374310111545468,0.0,0.0,1.0,0.0,0.0,0.0,0.0,0.0,0.0,0.0,1.0,1.0
0.5,0.3612394672465344,0.125,0.0,0.027049600139910042,0.0,0.0,0.0,0.0,0.0,0.0,0.0,0.0,0.0,0.0,1.0,1.0
0.0,0.41560206577874426,0.0,0.0,0.09856123757927521,1.0,0.0,1.0,0.0,0.0,0.0,0.0,0.0,0.0,0.0,0.0,0.0
1.0,0.396963433337387,0.0,0.0,0.018542765081513996,1.0,0.0,1.0,0.0,0.0,0.0,0.0,0.0,0.0,0.0,1.0,0.0
1.0,0.04865452568632781,0.125,0.16666666666666666,0.021730754366528396,1.0,0.0,1.0,0.0,0.0,0.0,0.0,0.0,0.0,0.0,1.0,1.0
1.0,0.34764881761348193,0.0,0.0,0.015411575213749286,1.0,0.0,1.0,0.0,0.0,0.0,0.0,0.0,0.0,0.0,1.0,0.0
0.0,0.6330524599075836,0.125,0.16666666666666666,0.10257896680493714,0.0,0.0,1.0,0.0,0.0,1.0,0.0,0.0,0.0,0.0,0.0,1.0
0.0,0.44278336504484916,0.0,0.0,0.009759350042902102,1.0,0.0,1.0,1.0,0.0,0.0,0.0,0.0,0.0,0.0,0.0,0.0
1.0,0.6330524599075836,0.0,0.0,0.017566830077223785,1.0,0.0,1.0,0.0,0.0,0.0,0.0,0.0,0.0,0.0,1.0,0.0
0.5,0.3748301168795869,0.125,0.0,0.04684488020593009,0.0,0.0,0.0,0.0,0.0,0.0,0.0,0.0,0.0,0.0,1.0,1.0
1.0,0.19815167164990488,0.0,0.0,0.014102260811993537,0.0,0.0,0.0,0.0,0.0,0.0,0.0,0.0,0.0,0.0,1.0,1.0
1.0,0.26610491981516715,0.0,0.0,0.019217721730481106,1.0,0.0,1.0,0.0,0.0,0.0,0.0,0.0,0.0,0.0,1.0,0.0
1.0,0.2525142701821147,0.0,0.0,0.015411575213749286,1.0,0.0,1.0,0.0,0.0,0.0,0.0,0.0,0.0,0.0,1.0,0.0
1.0,0.396963433337387,0.0,0.0,0.015411575213749286,1.0,0.0,1.0,0.0,0.0,0.0,0.0,0.0,0.0,0.0,1.0,0.0
0.0,0.7553683066050558,0.0,0.16666666666666666,0.16231419173453318,0.0,0.0,0.0,0.0,1.0,0.0,0.0,0.0,0.0,0.0,0.0,1.0
0.5,0.3340581679804295,0.0,0.16666666666666666,0.050748620223090936,0.0,0.0,1.0,0.0,0.0,0.0,0.0,0.0,0.0,0.0,1.0,1.0
1.0,0.44278336504484916,0.0,0.0,0.015411575213749286,1.0,0.0,1.0,0.0,0.0,0.0,0.0,0.0,0.0,0.0,1.0,0.0
1.0,0.2932862190812721,0.0,0.0,0.02052723131923771,0.0,0.0,1.0,0.0,0.0,0.0,0.0,0.0,0.0,0.0,1.0,0.0
0.5,0.3748301168795869,0.0,0.0,0.020494635090094415,1.0,0.0,1.0,0.0,0.0,0.0,0.0,0.0,0.0,0.0,1.0,0.0
1.0,0.3340581679804295,0.0,0.0,0.013760683560491965,1.0,0.0,1.0,0.0,0.0,0.0,0.0,0.0,0.0,0.0,1.0,0.0
1.0,0.5243272628431639,0.0,0.8333333333333333,0.05684821399990475,0.0,1.0,0.0,0.0,0.0,0.0,0.0,0.0,0.0,0.0,1.0,0.0
0.5,0.3612394672465344,0.0,0.0,0.025374310111545468,1.0,0.0,1.0,0.0,0.0,0.0,0.0,0.0,0.0,0.0,1.0,0.0
0.0,0.2525142701821147,0.0,0.0,0.05855610025741262,0.0,0.0,1.0,1.0,0.0,0.0,0.0,0.0,0.0,0.0,0.0,1.0
1.0,0.396963433337387,0.125,0.3333333333333333,0.04577135170121086,0.0,0.0,1.0,0.0,0.0,0.0,0.0,0.0,0.0,0.0,1.0,0.0
0.0,0.34764881761348193,0.0,0.0,0.05855610025741262,1.0,0.0,0.0,0.0,1.0,0.0,0.0,0.0,0.0,0.0,0.0,1.0
1.0,0.4291927154117967,0.0,0.0,0.015126992566498259,1.0,1.0,0.0,0.0,0.0,0.0,0.0,0.0,0.0,0.0,1.0,0.0
